CODICE_ISTAT,civico_geocodificato,fuori_limite_comunale,totale
001003,944,0,944
001010,403,47,450
001011,1,0,1
001012,5,0,5
001015,364,4,368
001017,361,0,361
001018,799,19,818
001021,921,0,921
001024,3,0,3
001028,2206,127,2333
001033,1609,26,1635
001034,2717,0,2717
001035,2514,0,2514
001037,459,0,459
001038,38,0,38
001040,853,0,853
001044,2567,0,2567
001048,1597,14,1611
001051,1209,0,1209
001052,1,0,1
001053,1432,0,1432
001054,824,0,824
001055,1347,0,1347
001058,3499,18,3517
001059,7859,21,7880
001060,86,0,86
001061,528,0,528
001068,1869,0,1869
001070,1831,28,1859
001071,640,139,779
001072,1562,0,1562
001074,1177,7,1184
001077,8,0,8
001078,6773,2,6775
001082,9132,0,9132
001086,5612,0,5612
001087,228,7,235
001088,1116,0,1116
001090,1,0,1
001093,2006,29,2035
001095,11,0,11
001097,3991,2,3993
001098,3002,94,3096
001101,66,0,66
001104,1137,0,1137
001108,6,0,6
001109,1185,0,1185
001110,7,0,7
001111,414,9,423
001115,6648,2,6650
001116,59,0,59
001117,726,0,726
001118,967,0,967
001122,497,1,498
001127,3064,54,3118
001129,819,0,819
001135,981,0,981
001137,22,0,22
001142,692,21,713
001144,742,0,742
001147,1111,12,1123
001148,1874,0,1874
001152,1018,0,1018
001154,228,1,229
001156,8372,153,8525
001158,356,0,356
001159,517,0,517
001163,381,0,381
001164,5577,394,5971
001166,2120,24,2144
001168,1998,0,1998
001171,5781,0,5781
001172,2,0,2
001175,886,0,886
001176,7,0,7
001180,464,0,464
001181,1053,0,1053
001183,1171,8,1179
001189,2882,135,3017
001190,1898,54,1952
001191,10804,7,10811
001192,1944,6,1950
001193,1259,33,1292
001194,3416,163,3579
001197,3999,16,4015
001198,675,0,675
001200,5,0,5
001201,980,53,1033
001203,952,0,952
001204,533,0,533
001206,571,0,571
001213,547,0,547
001214,6107,140,6247
001215,1210,12,1222
001219,11120,6,11126
001220,16,0,16
001222,909,0,909
001225,714,0,714
001233,293,0,293
001236,2632,28,2660
001237,1485,0,1485
001241,1038,0,1038
001245,611,6,617
001246,6,0,6
001248,1,0,1
001249,4154,0,4154
001250,3,0,3
001252,1437,0,1437
001254,1603,0,1603
001255,2208,0,2208
001256,1750,6,1756
001257,2332,15,2347
001258,318,15,333
001259,844,27,871
001262,610,0,610
001263,955,4,959
001265,10405,157,10562
001266,1673,1,1674
001268,14,0,14
001271,8,0,8
001276,1388,0,1388
001280,20,0,20
001281,448,0,448
001283,59,0,59
001284,25,0,25
001285,8,0,8
001289,12,0,12
001290,31,0,31
001292,3484,11,3495
001293,1912,0,1912
001294,753,0,753
001299,2452,16,2468
001301,459,0,459
001307,1484,32,1516
001308,1261,41,1302
001309,3565,0,3565
001310,452,0,452
001313,2668,0,2668
001314,4206,64,4270
001315,2303,42,2345
002002,687,0,687
002003,222,0,222
002004,1592,0,1592
002009,1,0,1
002011,1380,0,1380
002025,510,0,510
002031,941,0,941
002032,805,0,805
002042,3306,0,3306
002043,354,0,354
002047,600,0,600
002061,4576,1,4577
002065,249,0,249
002071,2960,7,2967
002072,546,0,546
002089,153,0,153
002097,548,0,548
002104,406,0,406
002107,1520,1,1521
002113,377,0,377
002115,266,0,266
002116,1528,0,1528
002122,392,0,392
002126,143,0,143
002127,99,0,99
002133,3473,67,3540
002137,1842,0,1842
002148,3259,95,3354
002150,1823,0,1823
002156,4326,0,4326
002158,12180,114,12294
002164,637,0,637
002171,661,0,661
003001,950,1,951
003006,1,0,1
003008,4661,127,4788
003012,442,50,492
003016,3522,0,3522
003018,842,0,842
003021,753,0,753
003022,474,22,496
003024,2012,0,2012
003025,1979,79,2058
003027,399,0,399
003030,1032,0,1032
003032,3247,0,3247
003040,758,0,758
003041,631,0,631
003043,5241,0,5241
003044,213,16,229
003045,719,0,719
003047,967,55,1022
003049,3262,108,3370
003052,610,0,610
003055,5,0,5
003058,1,0,1
003060,791,0,791
003062,1023,0,1023
003065,1533,0,1533
003066,1141,0,1141
003068,5324,0,5324
003069,465,0,465
003070,1337,0,1337
003076,1924,0,1924
003084,30,0,30
003088,949,1,950
003091,555,0,555
003093,1241,0,1241
003095,44,0,44
003097,39,0,39
003100,1138,0,1138
003104,351,47,398
003106,25482,0,25482
003108,6818,47,6865
003112,490,0,490
003115,892,0,892
003116,956,0,956
003119,1,0,1
003121,11,0,11
003122,839,18,857
003130,2401,28,2429
003131,1448,0,1448
003133,3,0,3
003135,1691,0,1691
003139,922,0,922
003141,751,0,751
003143,3,0,3
003144,278,0,278
003146,34,0,34
003149,6664,49,6713
003153,821,22,843
003154,541,0,541
003158,434,0,434
003164,552,49,601
003166,2484,9,2493
004004,155,0,155
004006,285,0,285
004007,138,19,157
004009,5878,34,5912
004012,4033,3,4036
004013,395,16,411
004014,441,0,441
004016,1,0,1
004017,294,0,294
004018,162,0,162
004019,1962,0,1962
004020,255,10,265
004022,1757,72,1829
004023,159,0,159
004026,228,0,228
004027,580,0,580
004028,5261,33,5294
004029,7409,58,7467
004032,251,21,272
004034,3751,0,3751
004040,2904,54,2958
004041,7,0,7
004044,247,0,247
004045,929,0,929
004046,658,17,675
004049,501,16,517
004050,434,1,435
004051,6,0,6
004052,307,0,307
004056,532,20,552
004059,1958,78,2036
004061,5,0,5
004063,265,34,299
004065,808,0,808
004066,2780,0,2780
004067,3020,0,3020
004073,2183,0,2183
004074,930,56,986
004077,794,93,887
004079,1762,18,1780
004080,1618,42,1660
004081,3132,72,3204
004082,25,0,25
004084,1659,1,1660
004085,1443,0,1443
004089,8334,89,8423
004092,1311,82,1393
004094,236,24,260
004096,1240,0,1240
004101,1337,12,1349
004103,146,57,203
004104,36,0,36
004106,191,89,280
004107,454,0,454
004108,1,0,1
004109,317,0,317
004113,1,0,1
004114,1064,1,1065
004115,817,78,895
004116,2077,172,2249
004117,1589,0,1589
004121,399,7,406
004122,806,53,859
004124,503,0,503
004125,4,0,4
004126,803,2,805
004127,161,3,164
004129,343,0,343
004130,9774,75,9849
004131,817,0,817
004132,1265,43,1308
004136,55,0,55
004138,1,0,1
004141,347,4,351
004143,1470,26,1496
004144,875,1,876
004146,542,0,542
004152,97,0,97
004153,547,0,547
004154,680,0,680
004156,633,7,640
004157,2187,0,2187
004158,378,8,386
004161,6,0,6
004162,184,1,185
004163,3159,85,3244
004164,543,0,543
004168,447,10,457
004172,891,0,891
004174,669,0,669
004181,611,10,621
004184,81,0,81
004185,1430,9,1439
004186,1065,0,1065
004189,24,0,24
004192,2,0,2
004194,13,0,13
004196,326,38,364
004197,7,0,7
004201,945,8,953
004202,524,0,524
004203,5015,32,5047
004204,132,76,208
004205,2042,0,2042
004209,1683,69,1752
004211,1167,0,1167
004213,164,0,164
004215,8870,90,8960
004217,1438,0,1438
004220,307,0,307
004225,898,14,912
004226,355,0,355
004227,579,0,579
004232,1153,0,1153
004234,1,0,1
004237,1233,55,1288
004239,8,0,8
004240,1773,17,1790
004243,126,0,126
004245,2521,36,2557
004246,387,34,421
004247,1584,0,1584
004248,934,24,958
005001,1757,0,1757
005002,339,0,339
005004,187,0,187
005005,25205,63,25268
005008,388,0,388
005009,310,6,316
005013,1084,0,1084
005014,43,0,43
005018,433,0,433
005019,206,0,206
005023,1129,0,1129
005024,476,0,476
005025,1815,57,1872
005026,212,0,212
005030,653,0,653
005032,332,1,333
005034,267,0,267
005036,504,0,504
005040,850,0,850
005042,1364,0,1364
005045,232,0,232
005054,571,0,571
005058,1,0,1
005062,265,0,265
005065,6,0,6
005066,1382,0,1382
005067,43,0,43
005070,487,0,487
005073,663,61,724
005076,1456,13,1469
005084,7,0,7
005085,202,10,212
005087,1004,0,1004
005089,1,0,1
005091,242,0,242
005092,475,0,475
005093,837,0,837
005096,131,0,131
005097,4378,0,4378
005099,63,0,63
005100,775,0,775
005107,158,0,158
005108,3,0,3
005109,675,0,675
005113,752,0,752
005114,274,0,274
005117,1441,0,1441
005118,2229,0,2229
005120,564,0,564
005121,41,0,41
006001,10305,0,10305
006003,7890,110,8000
006004,743,0,743
006005,611,0,611
006007,450,0,450
006011,1364,0,1364
006017,1686,0,1686
006018,2427,0,2427
006021,2279,0,2279
006022,817,1,818
006027,883,0,883
006028,787,0,787
006029,1472,0,1472
006034,757,0,757
006036,885,8,893
006039,10709,141,10850
006040,569,0,569
006041,208,0,208
006043,2532,0,2532
006044,1039,0,1039
006047,3132,31,3163
006052,680,0,680
006054,365,0,365
006055,375,0,375
006056,352,0,352
006061,139,0,139
006065,187,0,187
006066,261,1,262
006070,1,0,1
006073,1192,0,1192
006074,782,28,810
006075,22,0,22
006078,710,0,710
006079,800,0,800
006082,323,0,323
006084,547,0,547
006086,3,0,3
006088,12,0,12
006090,162,0,162
006091,954,6,960
006092,1075,0,1075
006093,180,0,180
006102,477,0,477
006104,717,0,717
006105,387,0,387
006106,413,0,413
006110,99,0,99
006114,1948,0,1948
006115,1034,0,1034
006119,484,0,484
006120,392,0,392
006121,5325,28,5353
006122,768,14,782
006123,1226,0,1226
006124,70,0,70
006126,807,0,807
006128,231,0,231
006129,641,0,641
006131,331,0,331
006133,1259,0,1259
006134,629,1,630
006138,2715,45,2760
006139,378,0,378
006142,22,0,22
006143,686,1,687
006144,1269,0,1269
006145,384,0,384
006150,538,0,538
006157,545,148,693
006160,2169,24,2193
006162,1507,94,1601
006163,1173,32,1205
006167,1866,0,1866
006169,1001,0,1001
006170,622,0,622
006171,559,0,559
006172,689,0,689
006173,984,0,984
006174,27,0,27
006176,717,0,717
006178,875,0,875
006182,837,0,837
006183,562,119,681
006185,2,0,2
006186,393,0,393
006187,605,0,605
007008,2,0,2
007009,262,0,262
007012,3,0,3
007013,1712,0,1712
007017,5,0,5
007018,1087,0,1087
007020,2,0,2
007021,1731,0,1731
007027,387,0,387
007031,2102,0,2102
007038,554,0,554
007040,15,0,15
007041,1054,0,1054
007054,1207,0,1207
007055,688,0,688
007058,1478,0,1478
007063,1880,0,1880
008001,1024,0,1024
008005,361,0,361
008006,1892,0,1892
008007,708,0,708
008008,5986,115,6101
008010,1909,0,1909
008011,2057,2,2059
008016,2661,0,2661
008019,1210,0,1210
008020,818,0,818
008022,543,0,543
008027,13817,1,13818
008031,17675,34,17709
008032,388,0,388
008034,538,0,538
008037,727,0,727
008038,660,0,660
008040,911,0,911
008045,814,21,835
008046,1491,0,1491
008048,607,0,607
008050,15,0,15
008051,248,0,248
008052,4431,78,4509
008053,471,0,471
008054,1618,3,1621
008055,28516,0,28516
008056,1324,0,1324
008057,487,0,487
008058,1280,22,1302
008061,1021,0,1021
008062,906,0,906
008065,10539,0,10539
008066,205,0,205
008067,943,0,943
009002,8993,0,8993
009003,1402,73,1475
009004,5082,75,5157
009009,809,0,809
009012,1910,89,1999
009013,3065,60,3125
009015,5711,39,5750
009016,1489,0,1489
009017,1658,21,1679
009021,8,0,8
009022,3226,0,3226
009023,1544,0,1544
009027,1328,4,1332
009029,5705,61,5766
009034,4479,289,4768
009037,192,0,192
009039,510,0,510
009040,709,0,709
009041,513,0,513
009044,615,61,676
009048,8,0,8
009049,8686,37,8723
009052,6,0,6
009053,788,0,788
009054,1035,0,1035
009056,12647,1,12648
009059,876,0,876
009060,71,3,74
009061,1124,0,1124
009063,1380,52,1432
009064,2165,65,2230
009068,2503,0,2503
009069,655,0,655
010001,5423,0,5423
010011,2536,5,2541
010016,2403,0,2403
010017,7,0,7
010023,361,0,361
010025,133164,0,133164
010026,429,1,430
010031,1689,1,1690
010032,1326,0,1326
010033,1202,5,1207
010036,1337,0,1337
010042,1,0,1
010046,9634,442,10076
010050,2,0,2
010052,1907,138,2045
010054,6397,0,6397
010059,7996,0,7996
010063,1,0,1
011005,1395,7,1402
011007,837,2,839
011015,31514,2,31516
011016,5436,0,5436
011017,2164,2,2166
011020,3707,1,3708
011022,1540,0,1540
011023,2224,22,2246
011025,1003,0,1003
011026,3720,6,3726
011027,10244,17,10261
011028,2008,6,2014
011032,579,0,579
012004,2437,0,2437
012005,1308,4,1312
012006,1457,1,1458
012007,385,0,385
012008,6,0,6
012011,7,0,7
012012,1645,0,1645
012016,863,0,863
012019,1150,0,1150
012020,1545,0,1545
012023,405,1,406
012025,1,0,1
012029,2327,0,2327
012030,1087,0,1087
012031,98,0,98
012033,1,0,1
012034,3179,0,3179
012036,7,0,7
012037,98,0,98
012039,3051,0,3051
012040,24,0,24
012043,362,0,362
012045,8,0,8
012047,1435,0,1435
012050,2925,28,2953
012052,22,0,22
012054,709,0,709
012055,686,0,686
012056,374,0,374
012058,1999,0,1999
012062,22,0,22
012067,2098,2,2100
012068,1952,0,1952
012073,1386,0,1386
012074,1,0,1
012075,14,0,14
012080,758,67,825
012081,477,0,477
012082,505,0,505
012083,142,0,142
012084,2045,0,2045
012087,29,0,29
012090,3178,42,3220
012092,4479,0,4479
012096,9,0,9
012098,4359,0,4359
012101,1210,0,1210
012102,13,0,13
012103,1864,0,1864
012105,1191,0,1191
012106,168,0,168
012107,2035,0,2035
012108,5345,83,5428
012110,439,0,439
012115,389,1,390
012118,10919,2,10921
012119,5875,0,5875
012121,1146,0,1146
012122,1611,0,1611
012127,4371,52,4423
012130,1818,2,1820
012133,13752,0,13752
012136,1486,0,1486
012137,2032,0,2032
012139,5,0,5
012142,3006,0,3006
013003,1882,0,1882
013004,1259,0,1259
013007,2041,0,2041
013009,9,0,9
013010,1710,1,1711
013012,1370,2,1372
013021,2,0,2
013028,1728,0,1728
013029,539,0,539
013032,860,0,860
013034,811,0,811
013035,3963,0,3963
013036,1725,0,1725
013040,1,0,1
013041,68,0,68
013043,1333,0,1333
013045,125,0,125
013046,1128,1,1129
013047,1695,0,1695
013055,728,0,728
013062,6,0,6
013064,2909,2,2911
013065,2045,27,2072
013071,1,0,1
013075,3841,0,3841
013077,6,0,6
013083,3,0,3
013087,2,0,2
013089,1566,59,1625
013095,76,0,76
013100,25,0,25
013101,923,0,923
013102,2,0,2
013106,749,0,749
013107,2,0,2
013110,729,0,729
013111,1144,0,1144
013113,420,0,420
013120,510,0,510
013126,1066,0,1066
013131,1457,1,1458
013133,1772,0,1772
013134,21,0,21
013136,1579,1,1580
013137,7,0,7
013138,2242,2,2244
013144,853,0,853
013145,15,0,15
013152,751,0,751
013153,410,0,410
013154,1305,0,1305
013155,507,101,608
013160,2,0,2
013165,2556,0,2556
013169,600,0,600
013178,1,0,1
013183,709,0,709
013186,458,0,458
013187,2,0,2
013188,885,0,885
013189,34,0,34
013192,461,0,461
013193,399,0,399
013201,126,0,126
013204,46,0,46
013206,1699,0,1699
013207,12,0,12
013216,3,0,3
013218,351,0,351
013222,1616,0,1616
013223,1,0,1
013227,3921,0,3921
013233,3,0,3
013234,15,0,15
013238,79,0,79
013239,19,0,19
013245,1499,0,1499
013248,43,0,43
013249,4,0,4
013250,4,0,4
013251,2155,0,2155
013252,923,0,923
013256,2056,0,2056
014002,1498,0,1498
014003,309,0,309
014004,76,0,76
014006,4,0,4
014009,23,0,23
014013,762,0,762
014014,614,0,614
014015,309,0,309
014016,178,0,178
014017,432,0,432
014019,1151,0,1151
014020,8,0,8
014021,279,0,279
014022,866,0,866
014024,5,0,5
014027,1343,0,1343
014029,84,0,84
014030,295,0,295
014031,616,61,677
014032,3,0,3
014036,680,0,680
014038,2,0,2
014039,359,10,369
014040,1,0,1
014043,2,1,3
014045,7,0,7
014048,1,0,1
014049,885,0,885
014057,1454,0,1454
014061,4222,25,4247
014062,4,0,4
014064,7,0,7
014065,1,0,1
014069,1151,0,1151
014077,3,0,3
015002,6979,1,6980
015010,3612,3,3615
015011,1390,13,1403
015012,5,0,5
015014,1,0,1
015015,5040,0,5040
015016,937,29,966
015024,1592,0,1592
015027,26,0,26
015032,3000,0,3000
015035,564,0,564
015040,1260,0,1260
015042,2,0,2
015046,3096,1,3097
015050,4,0,4
015058,99,0,99
015059,5291,5,5296
015060,2041,51,2092
015062,4285,0,4285
015070,234,0,234
015071,1564,0,1564
015076,4,0,4
015077,13638,0,13638
015078,1436,2,1438
015085,7098,0,7098
015086,3073,0,3073
015087,5852,0,5852
015096,4026,80,4106
015098,2355,0,2355
015101,789,4,793
015103,2509,1,2510
015105,5949,0,5949
015108,3970,0,3970
015114,2964,0,2964
015115,2,0,2
015118,14490,0,14490
015122,773,1,774
015130,7,0,7
015139,2322,0,2322
015140,4719,7,4726
015142,3962,0,3962
015144,1342,0,1342
015146,694,0,694
015151,4462,0,4462
015158,3,0,3
015166,57,0,57
015169,3033,0,3033
015171,2417,0,2417
015172,1937,0,1937
015175,2868,0,2868
015177,1549,0,1549
015178,2194,2,2196
015181,3,0,3
015182,7161,0,7161
015189,5179,0,5179
015192,1781,0,1781
015194,1734,1,1735
015195,5853,0,5853
015200,2188,0,2188
015201,2195,0,2195
015205,3742,0,3742
015209,12481,6,12487
015211,3494,0,3494
015219,49,0,49
015220,1,0,1
015221,801,0,801
015230,1688,2,1690
015237,1428,2,1430
015242,3092,0,3092
015247,1892,0,1892
015250,893,0,893
016001,1879,5,1884
016002,929,0,929
016003,2472,1,2473
016004,4789,0,4789
016006,2957,7,2964
016008,4303,0,4303
016013,1,0,1
016014,40,0,40
016015,1,0,1
016018,1146,0,1146
016020,1391,1,1392
016024,5,0,5
016031,67,0,67
016033,869,0,869
016034,2024,0,2024
016035,395,0,395
016037,3390,0,3390
016041,282,0,282
016042,1610,24,1634
016043,1895,3,1898
016044,3269,0,3269
016046,3170,0,3170
016047,1264,0,1264
016048,534,0,534
016053,6952,0,6952
016055,1960,0,1960
016056,516,0,516
016059,957,0,957
016060,2043,0,2043
016061,115,0,115
016062,4784,0,4784
016063,1100,0,1100
016066,290,0,290
016067,564,0,564
016072,677,0,677
016073,1800,0,1800
016074,1,0,1
016076,2022,0,2022
016077,3105,0,3105
016079,4420,1,4421
016080,608,0,608
016084,988,0,988
016085,188,0,188
016086,3227,0,3227
016089,1757,0,1757
016091,7964,11,7975
016092,2,0,2
016093,1809,0,1809
016100,1004,0,1004
016102,396,0,396
016106,311,0,311
016108,2082,0,2082
016113,1986,0,1986
016114,91,0,91
016121,301,0,301
016122,253,0,253
016124,1756,6,1762
016127,406,0,406
016128,2674,3,2677
016132,2443,4,2447
016140,72,0,72
016143,1853,0,1853
016144,3110,0,3110
016145,336,0,336
016147,311,0,311
016151,176,0,176
016155,334,0,334
016160,1436,0,1436
016161,12,0,12
016163,1,0,1
016166,176,0,176
016167,1,0,1
016168,8,0,8
016170,2886,0,2886
016176,2294,3,2297
016177,811,0,811
016179,779,0,779
016184,633,0,633
016186,888,0,888
016187,993,0,993
016190,1720,5,1725
016191,398,0,398
016193,1955,0,1955
016198,4554,93,4647
016201,509,0,509
016207,14,0,14
016208,459,0,459
016211,647,0,647
016212,1,0,1
016214,1429,1,1430
016218,2738,0,2738
016220,390,0,390
016223,1008,0,1008
016225,341,0,341
016226,191,0,191
016227,166,0,166
016229,462,0,462
016230,250,0,250
016234,2280,0,2280
016236,427,0,427
016238,1,0,1
016240,1431,0,1431
016241,708,0,708
016242,1817,0,1817
016243,33,0,33
016245,1,0,1
016246,2793,0,2793
016250,127,0,127
016253,2955,0,2955
017001,753,0,753
017003,1546,0,1546
017005,636,0,636
017006,1698,12,1710
017010,3016,0,3016
017012,945,0,945
017014,4306,0,4306
017015,1537,0,1537
017016,842,0,842
017017,948,0,948
017018,1558,0,1558
017019,1129,0,1129
017021,3380,0,3380
017022,2161,0,2161
017023,3205,0,3205
017025,1644,0,1644
017027,156,0,156
017029,18596,0,18596
017035,1267,0,1267
017036,370,0,370
017037,2338,0,2338
017038,5191,2,5193
017039,4486,0,4486
017040,4294,0,4294
017041,3277,0,3277
017042,17,0,17
017043,9,0,9
017044,644,0,644
017046,5412,26,5438
017048,14,0,14
017049,482,0,482
017052,8622,0,8622
017054,16,0,16
017055,1004,0,1004
017056,3381,0,3381
017057,7,0,7
017062,3938,0,3938
017065,6750,0,6750
017066,8,0,8
017069,3340,0,3340
017070,2875,0,2875
017072,3935,0,3935
017075,3390,3,3393
017076,3557,0,3557
017077,5938,0,5938
017081,3,0,3
017082,1729,0,1729
017083,714,0,714
017084,65,0,65
017086,3096,0,3096
017087,594,0,594
017094,632,0,632
017097,539,0,539
017099,897,0,897
017100,824,0,824
017103,5545,0,5545
017105,767,0,767
017107,5603,0,5603
017108,945,0,945
017109,2124,0,2124
017110,725,0,725
017112,1,0,1
017113,1612,0,1612
017114,1884,0,1884
017115,401,0,401
017116,1574,0,1574
017117,3486,0,3486
017118,990,12,1002
017119,2268,0,2268
017120,2288,0,2288
017121,1077,0,1077
017123,1705,0,1705
017124,564,0,564
017127,5464,27,5491
017128,964,9,973
017130,1740,0,1740
017132,1028,0,1028
017133,8495,0,8495
017134,1686,0,1686
017136,3996,10,4006
017138,2584,0,2584
017139,544,0,544
017140,502,0,502
017142,8,0,8
017143,286,0,286
017144,988,0,988
017145,990,37,1027
017146,2434,0,2434
017147,1879,0,1879
017148,4380,0,4380
017150,2,0,2
017152,1676,0,1676
017153,826,0,826
017156,3858,0,3858
017157,673,0,673
017158,252,0,252
017161,5079,0,5079
017162,1328,0,1328
017163,3130,0,3130
017164,1576,0,1576
017166,10213,12,10225
017167,2896,0,2896
017168,1683,0,1683
017169,3080,0,3080
017174,4526,0,4526
017175,1,0,1
017177,1007,0,1007
017178,2196,0,2196
017180,1280,0,1280
017181,403,0,403
017182,948,0,948
017183,21,0,21
017186,3245,0,3245
017188,5241,1,5242
017190,3227,0,3227
017191,651,0,651
017193,960,0,960
017196,1,0,1
017197,1694,0,1694
017200,658,0,658
017201,2378,0,2378
017202,1259,0,1259
017203,6,0,6
017204,3137,0,3137
018003,551,0,551
018005,1493,0,1493
018011,673,0,673
018016,6,0,6
018017,403,0,403
018019,620,3,623
018020,577,0,577
018023,2083,68,2151
018024,5086,0,5086
018025,188,0,188
018027,1554,0,1554
018029,1242,0,1242
018033,1103,0,1103
018034,2,0,2
018036,729,0,729
018037,4966,125,5091
018042,315,0,315
018047,1058,0,1058
018048,3698,105,3803
018053,1004,0,1004
018061,2385,3,2388
018063,569,0,569
018064,452,0,452
018066,198,0,198
018068,1665,3520,5185
018074,297,0,297
018081,1166,0,1166
018083,1747,0,1747
018084,1555,0,1555
018085,902,0,902
018086,1402,0,1402
018087,667,0,667
018089,635,0,635
018092,680,0,680
018094,1135,0,1135
018097,287,0,287
018098,296,0,296
018102,155,0,155
018105,161,20,181
018106,915,0,915
018107,1335,0,1335
018108,256,0,256
018110,20394,0,20394
018114,20,0,20
018115,1215,0,1215
018116,1,0,1
018117,767,0,767
018118,1095,0,1095
018119,370,0,370
018120,756,0,756
018121,1814,0,1814
018122,3518,0,3518
018123,5065,51,5116
018126,253,0,253
018131,704,0,704
018133,339,0,339
018141,740,0,740
018147,384,0,384
018150,2321,0,2321
018153,3957,0,3957
018157,368,0,368
018159,17,0,17
018160,1195,0,1195
018164,3203,0,3203
018166,1453,0,1453
018167,196,0,196
018169,477,0,477
018171,2880,0,2880
018173,1645,0,1645
018175,774,0,774
018177,1,0,1
018178,81,0,81
018179,801,0,801
018180,1,0,1
018184,1317,0,1317
018186,606,0,606
018191,497,0,497
019001,619,0,619
019002,1095,10,1105
019003,1153,0,1153
019004,428,0,428
019005,1,0,1
019006,482,0,482
019009,1067,36,1103
019012,780,0,780
019013,446,0,446
019015,880,0,880
019016,84,0,84
019017,810,0,810
019019,1,0,1
019020,101,0,101
019021,7330,0,7330
019022,555,0,555
019025,3735,1,3736
019028,646,7,653
019029,1199,0,1199
019030,707,0,707
019034,686,0,686
019035,14111,0,14111
019036,26119,0,26119
019037,726,0,726
019038,439,0,439
019039,219,0,219
019043,617,0,617
019044,670,0,670
019045,685,0,685
019046,807,10,817
019047,639,1,640
019048,481,0,481
019052,2371,5,2376
019055,1219,0,1219
019056,817,0,817
019057,1075,0,1075
019067,2679,0,2679
019068,2362,1,2363
019069,1004,0,1004
019074,576,0,576
019075,736,0,736
019077,1224,59,1283
019079,838,0,838
019080,325,0,325
019081,213,0,213
019084,2250,0,2250
019085,1206,0,1206
019086,1,0,1
019088,1339,0,1339
019090,1560,0,1560
019094,1863,5,1868
019095,1655,0,1655
019097,4749,0,4749
019099,977,0,977
019100,996,0,996
019103,591,6,597
019106,333,2,335
019112,1968,0,1968
019113,2946,0,2946
019114,513,0,513
019115,235,2,237
020002,6470,0,6470
020008,319,0,319
020010,1,0,1
020011,2529,0,2529
020012,1130,0,1130
020014,2756,0,2756
020015,7840,1,7841
020016,2618,0,2618
020017,8678,0,8678
020018,1,0,1
020019,106,0,106
020020,64,0,64
020022,6,0,6
020024,1561,0,1561
020025,2053,0,2053
020027,2912,0,2912
020030,240,0,240
020031,21,0,21
020032,616,0,616
020033,3620,0,3620
020035,2911,0,2911
020036,3640,0,3640
020037,1,0,1
020039,1,0,1
020041,1,0,1
020042,2504,2,2506
020046,1,0,1
020047,2240,0,2240
020048,25,0,25
020051,2561,0,2561
020052,4451,0,4451
020053,4984,13,4997
020056,1465,0,1465
020057,4900,0,4900
020058,1183,0,1183
020059,1286,0,1286
020065,6920,0,6920
020066,9496,0,9496
020068,1725,0,1725
020070,6132,3,6135
020071,165,0,165
020072,3042,0,3042
021001,986,0,986
021002,347,0,347
021003,339,0,339
021004,3623,0,3623
021005,443,0,443
021006,1501,0,1501
021008,14,0,14
021010,693,0,693
021011,4869,0,4869
021012,529,0,529
021014,99,0,99
021015,1931,0,1931
021017,1915,0,1915
021018,739,0,739
021019,2462,0,2462
021020,397,0,397
021021,944,0,944
021023,963,0,963
021026,614,1,615
021027,967,0,967
021028,1322,0,1322
021029,1757,0,1757
021030,914,0,914
021031,1040,0,1040
021032,298,0,298
021033,691,0,691
021034,914,0,914
021035,431,0,431
021036,358,0,358
021038,1116,0,1116
021040,2688,0,2688
021041,2474,0,2474
021042,1705,0,1705
021044,425,0,425
021046,1956,0,1956
021047,1063,0,1063
021048,668,0,668
021049,341,0,341
021050,695,0,695
021052,922,0,922
021053,735,0,735
021054,389,0,389
021055,670,0,670
021056,1436,0,1436
021057,1027,0,1027
021058,1464,1,1465
021059,1472,0,1472
021060,1016,0,1016
021061,2478,0,2478
021062,1023,0,1023
021063,609,0,609
021064,200,0,200
021066,548,0,548
021067,1422,0,1422
021068,264,0,264
021070,1711,0,1711
021071,977,0,977
021072,2415,0,2415
021073,391,0,391
021074,1326,0,1326
021075,516,0,516
021076,1301,0,1301
021077,1516,0,1516
021079,1257,0,1257
021081,1110,0,1110
021082,732,0,732
021083,1291,0,1291
021084,776,0,776
021085,1456,0,1456
021086,2163,0,2163
021087,1045,0,1045
021088,487,0,487
021089,1524,0,1524
021091,429,0,429
021092,1129,0,1129
021094,726,0,726
021095,763,0,763
021096,647,0,647
021097,1181,0,1181
021098,928,0,928
021099,807,0,807
021100,429,0,429
021101,884,0,884
021102,683,0,683
021103,420,0,420
021106,1135,0,1135
021107,984,0,984
021108,2652,0,2652
021109,851,0,851
021110,1095,0,1095
021111,1308,0,1308
021112,352,0,352
021113,628,0,628
021114,604,0,604
021115,1820,0,1820
021116,765,0,765
021117,559,0,559
021118,431,0,431
022001,3790,0,3790
022002,751,0,751
022005,706,0,706
022009,2976,0,2976
022011,1047,0,1047
022015,457,0,457
022032,58,0,58
022038,3116,0,3116
022039,1884,0,1884
022045,180,0,180
022048,1576,0,1576
022051,723,0,723
022053,1660,0,1660
022061,1691,0,1691
022064,1274,0,1274
022071,303,0,303
022079,1547,0,1547
022092,3,0,3
022093,639,0,639
022097,1109,0,1109
022102,2867,0,2867
022104,3568,17,3585
022109,201,0,201
022112,139,0,139
022114,945,0,945
022115,1637,0,1637
022116,1930,0,1930
022117,3398,0,3398
022136,1673,0,1673
022139,10482,0,10482
022142,614,0,614
022147,2196,0,2196
022150,908,0,908
022153,5715,0,5715
022159,484,0,484
022168,723,0,723
022172,902,0,902
022173,273,0,273
022182,4,0,4
022183,16,0,16
022188,1285,2,1287
022200,503,0,503
022205,26315,0,26315
022209,637,0,637
022222,2167,0,2167
022230,2763,0,2763
022236,2407,0,2407
022238,1454,0,1454
022245,4523,0,4523
022246,1671,0,1671
022249,48,0,48
022251,885,0,885
022254,2932,0,2932
023003,1416,67,1483
023004,2704,18,2722
023006,4302,0,4302
023012,6207,40,6247
023014,1767,0,1767
023015,6215,14,6229
023017,2027,3,2030
023020,1967,0,1967
023021,2992,94,3086
023022,1,0,1
023023,2619,0,2619
023024,883,17,900
023025,453,0,453
023027,1241,0,1241
023028,3656,39,3695
023029,418,2,420
023030,39,0,39
023032,915,2,917
023036,3328,0,3328
023038,4175,0,4175
023040,4408,1,4409
023041,1473,22,1495
023043,4677,48,4725
023046,1837,0,1837
023047,1056,0,1056
023050,3694,4,3698
023052,5469,8,5477
023057,1,0,1
023059,4415,0,4415
023062,1025,2,1027
023068,678,0,678
023071,4,0,4
023072,1,0,1
023074,542,19,561
023077,4251,8,4259
023078,1515,6,1521
023081,2484,0,2484
023082,5752,11,5763
023083,6110,264,6374
023086,3584,0,3584
023088,1180,134,1314
023089,218,0,218
023090,1,0,1
023091,1109,0,1109
024001,862,16,878
024005,1198,17,1215
024009,4175,0,4175
024010,404,0,404
024012,19949,0,19949
024014,4580,173,4753
024016,18,0,18
024017,2,0,2
024018,6929,339,7268
024021,7019,0,7019
024022,1242,0,1242
024024,2029,2,2031
024025,2073,0,2073
024026,5500,54,5554
024028,3777,0,3777
024029,8709,0,8709
024030,1413,54,1467
024034,57,0,57
024035,5740,1,5741
024036,5037,18,5055
024037,78,0,78
024038,116,0,116
024039,87,0,87
024046,4,0,4
024047,1360,0,1360
024048,3681,9,3690
024051,2167,0,2167
024055,1,0,1
024056,3324,249,3573
024057,69,0,69
024061,10690,2,10692
024063,1522,24,1546
024064,1491,0,1491
024068,1176,0,1176
024070,3415,0,3415
024074,5884,2,5886
024075,2439,0,2439
024079,2298,0,2298
024080,943,97,1040
024081,230,0,230
024083,203,0,203
024084,5173,0,5173
024086,8306,0,8306
024087,10182,0,10182
024091,3024,0,3024
024094,870,0,870
024095,3110,29,3139
024097,2480,70,2550
024098,40,0,40
024099,2122,3,2125
024102,2825,0,2825
024104,5761,32,5793
024105,8008,0,8008
024106,1482,11,1493
024108,3283,0,3283
024110,3911,173,4084
024111,10939,0,10939
024112,1286,49,1335
024113,2872,148,3020
024115,1825,13,1838
024116,44719,0,44719
024117,1119,38,1157
024119,4850,12,4862
024121,434,1,435
024122,3105,101,3206
024123,313,0,313
024124,3127,55,3182
024126,3687,191,3878
024127,5660,168,5828
024128,478,0,478
025003,1321,0,1321
025005,1,0,1
025006,14713,0,14713
025008,15,0,15
025011,4,0,4
025014,438,0,438
025017,467,0,467
025018,1187,1,1188
025021,9202,26,9228
025023,16,0,16
025025,103,0,103
025026,3323,16,3339
025036,232,0,232
025040,44,0,44
025044,1775,0,1775
025045,1,0,1
025046,573,0,573
025056,2487,0,2487
025060,45,0,45
025073,2751,0,2751
026001,3241,2,3243
026004,2951,1,2952
026006,3206,12,3218
026007,2478,0,2478
026008,4214,0,4214
026009,4959,9,4968
026010,3928,11,3939
026012,211,0,211
026013,2992,0,2992
026016,1510,6,1516
026017,1857,0,1857
026018,90,0,90
026020,1,0,1
026021,11634,0,11634
026023,4190,49,4239
026025,3,0,3
026026,4326,0,4326
026027,2017,13,2030
026028,2588,2,2590
026029,2765,0,2765
026030,2105,1,2106
026031,106,0,106
026032,2137,0,2137
026033,9,0,9
026035,1,0,1
026036,4193,0,4193
026037,1908,0,1908
026038,1,0,1
026039,2799,3,2802
026043,980,0,980
026045,728,0,728
026046,1,0,1
026047,2228,1,2229
026048,1485,0,1485
026050,3478,50,3528
026052,1909,12,1921
026053,1764,0,1764
026055,7829,0,7829
026057,1,0,1
026060,37,0,37
026063,5511,161,5672
026065,1046,14,1060
026066,3986,18,4004
026067,24,0,24
026068,4527,4,4531
026069,6315,0,6315
026070,2662,0,2662
026072,2888,65,2953
026073,2462,0,2462
026074,35,0,35
026075,3279,0,3279
026076,5079,0,5079
026081,3488,17,3505
026084,6,0,6
026086,25041,0,25041
026089,6153,25,6178
026090,1,0,1
026092,12445,14,12459
026095,4360,0,4360
026096,3392,16,3408
027001,1931,0,1931
027003,4689,34,4723
027004,4680,51,4731
027005,19,0,19
027008,18861,0,18861
027009,1572,0,1572
027011,5094,0,5094
027012,5438,0,5438
027013,7014,0,7014
027014,3,0,3
027015,1882,61,1943
027016,1119,0,1119
027017,3155,0,3155
027019,13351,0,13351
027020,5615,0,5615
027021,8220,26,8246
027022,1,0,1
027023,15618,0,15618
027025,4160,25,4185
027026,5953,0,5953
027029,14509,5,14514
027031,3209,0,3209
027032,1378,0,1378
027033,17248,0,17248
027036,1,0,1
027037,8289,0,8289
027038,10150,0,10150
027040,3,0,3
027042,87373,0,87373
027043,3926,0,3926
028001,7254,0,7254
028002,1770,0,1770
028003,7634,53,7687
028006,10,0,10
028008,1664,2,1666
028009,1738,44,1782
028010,324,22,346
028011,2,0,2
028012,1327,42,1369
028013,3868,0,3868
028015,12,0,12
028017,5931,0,5931
028018,1200,0,1200
028019,4437,0,4437
028020,7,0,7
028023,3067,29,3096
028026,2493,0,2493
028028,2075,0,2075
028029,899,2,901
028032,8776,0,8776
028033,2795,0,2795
028034,4405,0,4405
028036,3274,0,3274
028037,9249,0,9249
028038,6,0,6
028039,3046,0,3046
028043,1030,0,1030
028046,228,0,228
028047,1729,0,1729
028056,48,0,48
028057,1,0,1
028058,3373,0,3373
028059,2725,0,2725
028060,60740,0,60740
028061,1845,3,1848
028062,853,0,853
028063,5473,0,5473
028065,7668,0,7668
028066,1201,1,1202
028067,1418,0,1418
028069,3924,223,4147
028070,1746,0,1746
028071,40,0,40
028072,6527,0,6527
028075,4405,0,4405
028078,2644,80,2724
028079,1336,0,1336
028082,1,0,1
028085,3787,168,3955
028086,6717,0,6717
028087,3228,5,3233
028088,2515,0,2515
028090,1302,0,1302
028092,3101,27,3128
028094,2136,0,2136
028095,1297,1,1298
028096,1693,0,1693
028097,1008,0,1008
028100,8639,0,8639
028101,2459,0,2459
028102,938,63,1001
028104,2659,0,2659
028107,4021,0,4021
029001,1,0,1
029005,758,0,758
029006,1139,5,1144
029007,2,0,2
029008,499,0,499
029009,1610,0,1610
029011,979,0,979
029013,1601,0,1601
029015,3287,0,3287
029019,1529,23,1552
029023,881,8,889
029025,603,0,603
029027,1179,0,1179
029028,776,0,776
029030,2105,1,2106
029031,1520,74,1594
029032,1398,0,1398
029033,8660,0,8660
029036,687,4,691
029037,3305,14,3319
029038,1,0,1
029039,2,0,2
029040,4282,0,4282
029041,19305,0,19305
029043,900,0,900
029044,2159,0,2159
029045,12,0,12
029047,1912,1,1913
029048,4334,0,4334
029049,1,0,1
029052,8073,0,8073
030003,1,0,1
030008,2,0,2
030013,5,0,5
030020,2,0,2
030026,3,0,3
030028,1,0,1
030031,1,0,1
030032,2,0,2
030037,582,0,582
030041,1213,0,1213
030045,377,0,377
030053,18,0,18
030063,1,0,1
030064,13,0,13
030066,1484,0,1484
030075,9,0,9
030084,1,0,1
030087,25,0,25
030090,3074,0,3074
030092,615,0,615
030095,142,0,142
030099,1353,0,1353
030103,1,0,1
030106,2,0,2
030111,4,0,4
030113,196,0,196
030116,2879,0,2879
030118,51,0,51
030126,3,0,3
030127,3631,1,3632
030129,44705,11,44716
030137,17,0,17
031003,658,0,658
031007,4860,0,4860
031011,12,0,12
031016,4649,0,4649
031018,2717,0,2717
031021,1490,0,1490
031022,15,0,15
031024,3,0,3
032003,1,0,1
033001,960,0,960
033005,2874,0,2874
033006,7789,0,7789
033007,1779,4,1783
033008,1031,0,1031
033011,3519,0,3519
033012,3465,0,3465
033014,2,0,2
033015,373,0,373
033017,760,0,760
033018,1,0,1
033020,1,0,1
033021,5484,110,5594
033023,2026,0,2026
033024,1758,0,1758
033025,2004,96,2100
033026,2118,0,2118
033027,4710,0,4710
033028,1705,0,1705
033032,29724,0,29724
033034,712,18,730
033035,3170,0,3170
033038,1,0,1
033040,3571,0,3571
033043,1,0,1
033045,2400,7,2407
034006,2163,0,2163
034009,3646,0,3646
034010,3017,0,3017
034012,2707,0,2707
034013,2739,0,2739
034014,6148,1,6149
034015,3059,1,3060
034016,2168,0,2168
034019,2196,0,2196
034020,3939,0,3939
034022,2322,0,2322
034023,4002,0,4002
034024,4010,1,4011
034026,1637,0,1637
034027,35747,0,35747
034028,1,0,1
034030,1632,0,1632
034031,1638,0,1638
034032,6954,0,6954
034035,942,0,942
034039,3019,0,3019
034041,2622,0,2622
034042,4995,2,4997
034046,1,0,1
034049,3891,1,3892
034051,4305,24,4329
035001,455,0,455
035002,3466,1,3467
035004,4033,4,4037
035005,2446,2,2448
035006,2378,0,2378
035008,3977,0,3977
035009,2210,0,2210
035010,2033,0,2033
035011,4417,0,4417
035012,5368,0,5368
035013,1,0,1
035014,4490,0,4490
035015,3549,0,3549
035017,3198,0,3198
035018,3345,0,3345
035020,6223,0,6223
035021,4046,3,4049
035022,2618,0,2618
035023,3984,0,3984
035024,5389,0,5389
035026,3722,0,3722
035027,4298,0,4298
035028,5191,0,5191
035029,3977,8,3985
035030,1,0,1
035032,4518,0,4518
035033,47938,0,47938
035034,2305,0,2305
035035,2169,4,2173
035036,4791,0,4791
035037,2733,2,2735
035038,2759,0,2759
035039,3179,0,3179
035040,9318,0,9318
035041,3014,0,3014
035044,1825,0,1825
035045,3967,0,3967
036001,1137,0,1137
036003,6747,0,6747
036004,1424,0,1424
036005,12967,0,12967
036006,10576,0,10576
036007,3944,0,3944
036008,3615,0,3615
036009,2685,0,2685
036010,4794,0,4794
036011,32,0,32
036012,6025,0,6025
036015,28,0,28
036016,226,0,226
036017,2344,5,2349
036018,2460,0,2460
036019,517,0,517
036020,2050,0,2050
036021,2787,3,2790
036022,17791,17,17808
036023,60513,0,60513
036026,6240,0,6240
036027,11998,0,11998
036028,4714,10,4724
036031,2286,0,2286
036033,78,0,78
036035,1823,0,1823
036036,2317,0,2317
036037,4048,1,4049
036038,1596,0,1596
036039,2035,0,2035
036040,139,0,139
036041,2548,0,2548
036042,2653,0,2653
036043,9,0,9
036044,5428,0,5428
036045,4117,0,4117
036046,5634,0,5634
036047,2343,1,2344
037001,2172,0,2172
037002,3515,0,3515
037003,3010,0,3010
037005,2059,0,2059
037006,77632,0,77632
037007,1285,2,1287
037008,5268,0,5268
037009,2837,0,2837
037010,1415,0,1415
037011,5339,0,5339
037012,1247,0,1247
037013,2202,0,2202
037014,742,0,742
037015,2650,0,2650
037016,1255,0,1255
037017,1996,0,1996
037019,3415,0,3415
037020,5826,0,5826
037021,3837,0,3837
037022,3987,0,3987
037024,4042,0,4042
037025,2322,0,2322
037026,987,0,987
037027,3220,0,3220
037028,1700,0,1700
037030,3446,0,3446
037031,1416,0,1416
037032,16011,0,16011
037033,2436,0,2436
037034,2343,0,2343
037035,3115,0,3115
037036,2176,0,2176
037037,3947,0,3947
037038,2226,0,2226
037039,7284,0,7284
037040,4196,0,4196
037041,2332,0,2332
037042,3924,1,3925
037044,2788,0,2788
037045,1857,0,1857
037046,3484,0,3484
037047,4010,0,4010
037048,2418,0,2418
037050,1797,0,1797
037051,4031,0,4031
037052,2509,0,2509
037053,7545,0,7545
037054,5558,0,5558
037055,4681,1,4682
037056,1767,0,1767
037057,4811,0,4811
037059,1931,0,1931
037060,5056,0,5056
037061,13560,0,13560
037062,5183,0,5183
038001,9417,0,9417
038003,7853,0,7853
038004,10904,0,10904
038005,6724,0,6724
038006,21982,1,21983
038007,8102,0,8102
038008,57150,0,57150
038011,2796,0,2796
038012,19,0,19
038014,3,0,3
038017,3417,0,3417
038018,4186,0,4186
038022,4228,54,4282
038025,2623,0,2623
038027,6384,0,6384
038028,2989,0,2989
038029,4680,0,4680
038030,3755,0,3755
039001,8971,0,8971
039002,12444,0,12444
039003,1323,0,1323
039004,4456,0,4456
039005,1952,0,1952
039006,4699,0,4699
039007,16473,0,16473
039008,7252,0,7252
039009,5094,0,5094
039010,19513,0,19513
039011,5715,0,5715
039012,22077,0,22077
039013,6471,0,6471
039014,62726,0,62726
039015,3565,0,3565
039016,6126,2,6128
039017,2251,0,2251
039018,2111,0,2111
040001,3534,0,3534
040003,1,0,1
040004,1422,0,1422
040007,37646,0,37646
040008,13384,0,13384
040012,51280,0,51280
040015,7328,0,7328
040016,7876,0,7876
040018,3050,0,3050
040020,3933,0,3933
040028,779,0,779
040032,30,0,30
040037,1655,0,1655
040041,6783,5,6788
040044,1887,0,1887
040046,2127,0,2127
040050,2101,0,2101
041001,2677,0,2677
041002,1659,2,1661
041006,854,67,921
041007,6764,5,6769
041008,2751,0,2751
041009,1585,0,1585
041013,22106,0,22106
041014,2807,0,2807
041015,6885,0,6885
041016,738,0,738
041017,357,19,376
041018,1322,3,1325
041019,1004,0,1004
041022,1049,1,1050
041023,1194,4,1198
041025,1064,8,1072
041026,974,0,974
041029,8595,0,8595
041030,1538,14,1552
041031,698,0,698
041035,1000,0,1000
041036,4158,0,4158
041038,1371,0,1371
041043,4729,0,4729
041045,1,0,1
041047,1092,2,1094
041048,550,0,550
041049,1308,2,1310
041054,2183,1,2184
041058,1017,0,1017
041061,1149,0,1149
041064,636,23,659
041065,4297,5,4302
041066,3736,2,3738
041067,7937,3,7940
041068,6824,0,6824
041070,4,0,4
041071,2577,4,2581
042001,1899,0,1899
042002,27452,0,27452
042004,1204,0,1204
042005,932,0,932
042008,2935,0,2935
042010,474,0,474
042014,5894,0,5894
042017,13562,0,13562
042018,199,0,199
042019,4687,0,4687
042020,1698,0,1698
042021,18473,0,18473
042022,5984,0,5984
042023,3340,46,3386
042024,2,0,2
042027,5550,0,5550
042029,2067,0,2067
042031,1025,0,1025
042032,4437,0,4437
042033,980,0,980
042034,9,0,9
042035,3830,1,3831
042036,1883,0,1883
042038,2030,0,2030
042040,1167,44,1211
042041,893,0,893
042043,2361,0,2361
042045,17941,0,17941
042048,3,0,3
042050,1,0,1
043002,2321,0,2321
043003,2325,0,2325
043005,594,0,594
043007,4001,0,4001
043009,5862,0,5862
043015,1,0,1
043017,1605,0,1605
043019,6,0,6
043021,2,0,2
043023,18698,153,18851
043024,4514,2,4516
043026,4134,0,4134
043027,210,0,210
043028,3738,0,3738
043029,2226,0,2226
043031,91,0,91
043032,676,0,676
043034,1162,0,1162
043035,1428,0,1428
043039,1,0,1
043041,3311,0,3311
043042,7504,2,7506
043044,6868,0,6868
043050,656,0,656
043051,777,0,777
043053,8728,0,8728
043058,9,0,9
044002,3,0,3
044007,15614,0,15614
044010,1333,0,1333
044014,49,0,49
044015,2683,0,2683
044017,3480,0,3480
044021,1144,0,1144
044023,8649,0,8649
044031,2209,0,2209
044034,1007,0,1007
044036,1676,0,1676
044045,3323,0,3323
044054,3818,0,3818
044056,91,0,91
044064,1456,0,1456
044066,17569,0,17569
045003,27056,1,27057
045005,1182,0,1182
045010,34907,13,34920
045011,5491,16,5507
045012,3,0,3
045013,28,0,28
045014,5651,0,5651
045016,1384,0,1384
045017,1477,0,1477
046001,8071,0,8071
046002,5128,5,5133
046004,634,0,634
046005,6194,1,6195
046006,1673,2,1675
046007,23919,0,23919
046010,1605,17,1622
046013,12962,32,12994
046014,483,0,483
046015,2312,0,2312
046021,2597,6,2603
046023,2596,0,2596
046024,3985,0,3985
046025,1142,0,1142
046026,4529,0,4529
046030,3845,4,3849
046031,890,0,890
046033,8025,0,8025
046034,1688,86,1774
046037,1689,0,1689
047003,4248,12,4260
047005,6605,0,6605
047006,4398,0,4398
047007,4056,0,4056
047008,3503,1,3504
047009,8,0,8
047010,6742,72,6814
047013,4160,0,4160
047014,36625,0,36625
047016,4290,27,4317
047017,21686,0,21686
047020,7187,0,7187
047022,275,0,275
047023,376,0,376
047024,5788,0,5788
048002,4368,0,4368
048005,4000,0,4000
048006,15363,1,15364
048010,7450,0,7450
048011,5608,20,5628
048015,4125,0,4125
048017,109071,0,109071
048018,7402,0,7402
048020,570,0,570
048021,7698,0,7698
048022,5241,3,5244
048024,8634,0,8634
048028,6083,0,6083
048031,1,0,1
048032,1,0,1
048035,8751,0,8751
048036,5296,2,5298
048038,6752,0,6752
048043,305,0,305
048053,5293,0,5293
048054,3999,0,3999
049004,94,0,94
049005,22,0,22
049006,6986,0,6986
049007,15423,2,15425
049017,20916,0,20916
049018,8330,0,8330
049019,937,0,937
049020,1803,0,1803
050001,5620,28,5648
050004,6646,0,6646
050005,4690,0,4690
050006,1076,0,1076
050008,20830,0,20830
050010,1752,0,1752
050011,1851,1,1852
050012,1672,188,1860
050014,2300,1,2301
050015,1164,0,1164
050019,1415,0,1415
050021,1213,0,1213
050023,742,0,742
050024,4194,0,4194
050025,3780,0,3780
050028,10851,0,10851
050029,11501,15,11516
050030,1266,0,1266
050032,13857,0,13857
050036,3920,0,3920
050038,5958,0,5958
050039,8808,0,8808
050040,10718,0,10718
051001,3807,0,3807
051002,34127,0,34127
051006,3111,0,3111
051010,3076,0,3076
051012,9391,0,9391
051015,1984,0,1984
051016,7125,0,7125
051017,8000,0,8000
051018,2,0,2
051020,3586,0,3586
051021,12,0,12
051022,1845,0,1845
051023,870,0,870
051025,5652,0,5652
051026,16236,0,16236
051027,919,0,919
051030,2,0,2
051033,4535,0,4535
051034,21,0,21
051037,3981,0,3981
051039,5592,1,5593
051040,7785,0,7785
051041,4629,0,4629
051042,5170,0,5170
052002,3780,0,3780
052003,2093,3,2096
052004,5,0,5
052006,4063,0,4063
052007,21,0,21
052009,4320,14,4334
052013,2424,4,2428
052016,4143,0,4143
052017,5165,6,5171
052019,2710,2,2712
052021,24,0,24
052022,11174,0,11174
052026,7,0,7
052030,1401,0,1401
052032,19477,0,19477
052034,7641,20,7661
052035,5295,0,5295
053001,6910,8,6918
053002,1796,2,1798
053005,1968,8,1976
053006,2423,0,2423
053007,32,0,32
053008,2660,4,2664
053009,12,0,12
053011,36214,2,36216
053013,278,0,278
053016,5,0,5
053017,2704,0,2704
053018,7208,3,7211
053021,6641,0,6641
053024,26,0,26
053025,1304,0,1304
053026,4546,0,4546
053027,741,0,741
054002,12385,0,12385
054007,353,0,353
054008,2777,0,2777
054010,1454,8,1462
054013,15946,52,15998
054014,2493,0,2493
054017,4246,27,4273
054020,1173,0,1173
054021,2192,3,2195
054023,6243,2,6245
054024,17439,0,17439
054025,678,0,678
054027,7329,0,7329
054031,1188,0,1188
054032,991,1,992
054033,1099,0,1099
054035,3895,2617,6512
054036,1003,0,1003
054039,61498,0,61498
054040,2346,9,2355
054044,5551,0,5551
054045,932,0,932
054050,3631,33,3664
054051,18548,0,18548
054053,2346,0,2346
054059,1069,0,1069
055001,3215,1,3216
055004,62,0,62
055006,1378,31,1409
055007,2985,7,2992
055011,2920,0,2920
055012,2228,0,2228
055013,1738,2,1740
055014,1,0,1
055015,2353,0,2353
055016,1482,0,1482
055017,3003,4,3007
055019,1386,0,1386
055020,1073,1,1074
055021,1563,7,1570
055022,9426,0,9426
055023,11189,0,11189
055024,2,0,2
055025,1119,7,1126
055029,1,0,1
055030,2363,4,2367
055031,1,0,1
055032,31949,0,31949
056001,4588,0,4588
056002,987,0,987
056003,1802,4,1806
056004,658,0,658
056005,3362,0,3362
056007,1392,3,1395
056008,3758,0,3758
056009,1780,14,1794
056014,3051,0,3051
056015,1666,0,1666
056017,2353,10,2363
056018,2019,1,2020
056020,1051,0,1051
056022,1621,0,1621
056023,1744,0,1744
056024,2323,0,2323
056027,1347,1,1348
056028,1219,0,1219
056029,1858,0,1858
056030,1386,0,1386
056031,1947,0,1947
056032,1236,2,1238
056035,200,0,200
056036,9189,88,9277
056037,22,0,22
056038,2076,1,2077
056039,4789,0,4789
056040,62,0,62
056044,671,0,671
056046,1371,0,1371
056047,2145,0,2145
056048,2950,6,2956
056049,7864,105,7969
056051,19,0,19
056053,3426,0,3426
056057,4329,0,4329
056059,11994,0,11994
056060,2787,0,2787
057003,2304,5,2309
057006,2266,0,2266
057008,1213,0,1213
057011,2,0,2
057013,606,0,606
057015,1137,0,1137
057016,3214,0,3214
057018,749,71,820
057019,593,0,593
057020,669,0,669
057024,257,3,260
057025,2509,0,2509
057027,7422,0,7422
057028,3736,2,3738
057031,1769,2,1771
057035,1441,0,1441
057036,317,0,317
057039,583,0,583
057041,149,0,149
057045,505,0,505
057046,689,1,690
057047,860,0,860
057050,1601,0,1601
057054,2107,0,2107
057058,1653,0,1653
057059,19863,0,19863
057062,1514,0,1514
057063,671,0,671
057064,2685,6,2691
057066,550,0,550
057068,1433,0,1433
057069,1013,7,1020
057071,941,1,942
058001,232,1,233
058003,12135,1,12136
058004,1,0,1
058005,5551,2,5553
058007,24885,0,24885
058008,905,0,905
058009,5662,0,5662
058010,668,0,668
058013,5926,0,5926
058015,6440,0,6440
058021,567,0,567
058022,2950,0,2950
058024,3969,32,4001
058026,4218,0,4218
058027,810,0,810
058029,18825,0,18825
058030,1305,0,1305
058031,1039,0,1039
058032,12102,2,12104
058033,953,0,953
058034,4683,0,4683
058035,1239,0,1239
058037,646,2,648
058038,4771,0,4771
058040,4143,0,4143
058041,1,0,1
058045,894,0,894
058046,3891,109,4000
058047,22274,0,22274
058048,1223,0,1223
058049,2328,0,2328
058050,5760,1,5761
058051,482,3,485
058053,693,0,693
058056,1822,0,1822
058057,14424,1,14425
058059,8473,0,8473
058060,2763,0,2763
058061,1544,0,1544
058063,3074,8,3082
058064,8,0,8
058065,12884,0,12884
058066,1899,0,1899
058068,3046,0,3046
058070,1143,0,1143
058071,890,0,890
058074,4360,56,4416
058075,8076,0,8076
058076,484,4,488
058079,19088,0,19088
058081,2939,3,2942
058082,3023,0,3023
058084,860,0,860
058085,617,4,621
058086,7065,0,7065
058087,363,6,369
058091,407717,0,407717
058093,2729,0,2729
058094,901,3,904
058096,1271,1,1272
058097,9043,1,9044
058099,2727,0,2727
058100,2330,1,2331
058104,13040,237,13277
058105,2779,0,2779
058107,2,0,2
058110,4734,0,4734
058114,8452,17,8469
058116,13302,6,13308
058117,27077,0,27077
058118,5924,0,5924
058119,118,0,118
058120,1,0,1
058122,9,0,9
059001,25002,1,25003
059002,968,0,968
059003,683,0,683
059004,2133,1,2134
059006,2,0,2
059007,17939,0,17939
059011,24734,1233,25967
059015,4,0,4
059019,4187,24,4211
059023,540,0,540
059024,11037,0,11037
059025,7770,0,7770
059029,3185,11,3196
059030,1,0,1
060002,1759,0,1759
060003,13258,0,13258
060004,3514,6,3520
060009,1033,87,1120
060011,1903,159,2062
060015,1440,0,1440
060017,1560,0,1560
060018,3808,4,3812
060019,11239,43,11282
060020,2487,0,2487
060024,8391,0,8391
060026,36,0,36
060028,1220,0,1220
060033,10012,156,10168
060034,1504,0,1504
060038,23610,7,23617
060039,1697,0,1697
060040,1342,16,1358
060041,1601,8,1609
060042,1,0,1
060048,2010,307,2317
060049,1390,0,1390
060050,1517,0,1517
060054,877,34,911
060055,2006,94,2100
060056,2,0,2
060064,2540,27,2567
060065,707,0,707
060068,1702,0,1702
060069,1243,98,1341
060071,3879,0,3879
060072,1055,0,1055
060075,1215,15,1230
060077,628,8,636
060081,1271,0,1271
060085,9762,3,9765
060086,534,2,536
060087,2227,0,2227
060089,1795,0,1795
061004,3465,0,3465
061012,54,0,54
061013,4493,35,4528
061016,2370,0,2370
061017,3508,0,3508
061021,2160,10,2170
061022,22229,4,22233
061029,2896,0,2896
061030,656,89,745
061033,18,0,18
061034,787,0,787
061038,1735,0,1735
061039,566,42,608
061042,4314,0,4314
061043,3156,0,3156
061044,1436,0,1436
061047,4805,0,4805
061050,1273,19,1292
061052,14467,16,14483
061058,2523,0,2523
061059,1248,0,1248
061064,445,0,445
061068,2479,0,2479
061069,1,0,1
061071,283,14,297
061074,6588,0,6588
061080,1368,0,1368
061082,6648,0,6648
061087,5133,12,5145
061090,2452,15,2467
061096,897,0,897
061097,1464,0,1464
061098,1,0,1
061099,5291,19,5310
061102,7617,0,7617
062001,5001,70,5071
062002,2206,0,2206
062003,5,0,5
062004,2676,2,2678
062006,761,0,761
062007,1450,65,1515
062008,12135,0,12135
062009,662,17,679
062010,1272,0,1272
062011,852,16,868
062013,826,1,827
062014,1113,0,1113
062015,772,5,777
062017,2164,0,2164
062018,743,0,743
062020,822,1,823
062021,1393,0,1393
062022,2482,0,2482
062023,4978,0,4978
062024,1970,0,1970
062026,1,0,1
062027,1672,0,1672
062028,1351,0,1351
062029,2806,0,2806
062030,2255,0,2255
062032,551,82,633
062033,682,3,685
062035,1313,0,1313
062036,391,0,391
062038,6,5,11
062039,1722,0,1722
062040,2965,0,2965
062041,986,0,986
062043,7878,1,7879
062044,5679,0,5679
062047,1482,0,1482
062048,948,0,948
062051,1234,0,1234
062052,1773,24,1797
062053,28,0,28
062057,8674,0,8674
062059,3936,0,3936
062060,437,58,495
062062,1325,0,1325
062063,565,4,569
062064,2845,0,2845
062065,527,22,549
062068,3167,0,3167
062069,49,0,49
062071,2671,0,2671
062072,210,47,257
062075,832,0,832
062076,1,0,1
062077,1809,0,1809
063001,18044,0,18044
063002,13296,39,13335
063004,4124,0,4124
063005,5593,0,5593
063011,7278,1,7279
063013,2830,3,2833
063014,4262,0,4262
063018,1859,12,1871
063019,5352,15,5367
063021,3563,3,3566
063022,1056,0,1056
063023,12396,21,12417
063024,10956,0,10956
063025,3333,0,3333
063029,870,0,870
063031,8978,0,8978
063032,1,0,1
063037,9088,0,9088
063038,2916,0,2916
063041,7962,17,7979
063042,2469,0,2469
063044,5778,4,5782
063045,6119,13,6132
063048,6872,48,6920
063049,140965,0,140965
063050,15529,0,15529
063051,10543,13,10556
063055,9837,1,9838
063058,7986,0,7986
063060,15448,67,15515
063061,10259,26,10285
063062,1771,0,1771
063064,10768,22,10790
063066,10651,251,10902
063071,2768,0,2768
063072,6797,0,6797
063077,3848,1,3849
063084,18915,0,18915
063086,1,0,1
063088,2679,162,2841
063092,1620,0,1620
064003,3403,0,3403
064006,65,0,65
064007,4706,0,4706
064008,16515,114,16629
064012,2433,40,2473
064015,5993,0,5993
064017,2419,0,2419
064019,2241,0,2241
064020,1511,0,1511
064023,1830,0,1830
064024,1787,0,1787
064025,5374,0,5374
064026,1929,0,1929
064030,1761,0,1761
064031,39,0,39
064032,1964,16,1980
064034,3828,4,3832
064036,2085,0,2085
064037,1986,2,1988
064038,6933,11,6944
064039,18,0,18
064040,2623,0,2623
064042,1579,0,1579
064044,4830,51,4881
064045,2,0,2
064047,989,0,989
064050,4982,0,4982
064053,1681,0,1681
064056,1123,11,1134
064058,1432,0,1432
064060,799,12,811
064063,1996,0,1996
064064,874,0,874
064070,59,0,59
064071,371,0,371
064072,1566,0,1566
064075,2930,20,2950
064077,1852,0,1852
064081,661,0,661
064088,1084,0,1084
064090,217,0,217
064092,5081,0,5081
064093,976,3,979
064096,2204,0,2204
064098,801,0,801
064103,2005,17,2022
064106,1392,0,1392
064113,795,0,795
064116,2441,0,2441
064119,4381,0,4381
064121,15750,74,15824
065001,5,0,5
065002,5071,0,5071
065004,8,0,8
065006,2346,0,2346
065007,614,0,614
065008,1,0,1
065009,3347,0,3347
065011,147,0,147
065012,1,0,1
065013,5340,0,5340
065014,6,0,6
065015,2,0,2
065017,2833,0,2833
065018,2597,0,2597
065019,2669,7,2676
065021,1,0,1
065022,9511,0,9511
065023,579,0,579
065024,768,0,768
065025,1,0,1
065027,498,0,498
065028,5002,0,5002
065029,1357,0,1357
065031,5429,2,5431
065032,1653,3,1656
065033,814,0,814
065034,6138,17,6155
065035,2328,0,2328
065037,1,0,1
065046,1,0,1
065048,50,0,50
065050,14369,0,14369
065051,545,0,545
065055,2756,0,2756
065056,4752,0,4752
065059,1705,0,1705
065061,2846,0,2846
065063,1349,0,1349
065064,1,0,1
065065,537,0,537
065067,7831,0,7831
065070,3245,0,3245
065074,439,0,439
065075,3314,18,3332
065076,9436,0,9436
065078,1,0,1
065079,8476,9,8485
065080,21,0,21
065082,4064,0,4064
065085,11,0,11
065088,7381,0,7381
065090,2848,0,2848
065093,490,0,490
065097,6074,0,6074
065098,3275,0,3275
065099,9955,0,9955
065100,3322,0,3322
065103,1,0,1
065106,4454,0,4454
065108,1,0,1
065111,1320,0,1320
065113,1373,0,1373
065114,11539,9,11548
065115,840,0,840
065116,198,0,198
065117,418,0,418
065120,6621,0,6621
065125,2052,0,2052
065126,1633,14,1647
065131,1173,0,1173
065132,6735,0,6735
065134,3604,2,3606
065137,1,0,1
065139,340,0,340
065140,2994,0,2994
065141,13,0,13
065146,10344,21,10365
065148,1,0,1
065156,752,0,752
066002,1307,0,1307
066003,1841,0,1841
066006,1,0,1
066007,1301,0,1301
066008,2,0,2
066009,2651,5,2656
066010,115,0,115
066011,395,0,395
066012,3314,0,3314
066013,1,0,1
066015,1427,0,1427
066016,24,0,24
066017,3,0,3
066018,3,0,3
066020,11,0,11
066021,1528,0,1528
066022,396,0,396
066023,1,0,1
066024,7,0,7
066025,3223,12,3235
066026,6,0,6
066028,2220,1,2221
066029,1184,63,1247
066030,4,0,4
066031,1437,0,1437
066032,8961,13,8974
066033,1059,0,1059
066034,1217,0,1217
066035,202,0,202
066036,1192,0,1192
066037,974,0,974
066039,2928,0,2928
066041,2035,0,2035
066042,15,0,15
066043,278,0,278
066044,1,0,1
066045,709,0,709
066047,243,0,243
066048,1014,4,1018
066049,15894,7,15901
066050,239,0,239
066051,1,0,1
066052,2150,0,2150
066053,2367,0,2367
066054,2528,0,2528
066056,3818,32,3850
066057,2316,0,2316
066061,1,0,1
066062,1074,0,1074
066063,1138,0,1138
066064,882,0,882
066065,484,0,484
066066,2635,0,2635
066067,1010,0,1010
066068,3005,0,3005
066069,3020,0,3020
066070,2013,0,2013
066071,1581,0,1581
066072,1,0,1
066073,670,1,671
066074,2,0,2
066075,30,0,30
066076,283,0,283
066077,4415,0,4415
066078,1946,18,1964
066079,724,0,724
066080,3,0,3
066081,1,0,1
066083,4,0,4
066084,2005,0,2005
066085,2269,0,2269
066086,8,0,8
066088,619,0,619
066089,2167,0,2167
066090,438,0,438
066091,757,0,757
066093,3,0,3
066094,1428,0,1428
066096,3010,0,3010
066097,1,0,1
066098,13511,0,13511
066099,1,0,1
066100,3,0,3
066101,2105,1,2106
066102,3279,0,3279
066104,1,0,1
066106,2007,0,2007
066107,1147,49,1196
067001,4861,3,4864
067002,688,0,688
067003,788,0,788
067004,4752,3,4755
067005,2064,0,2064
067006,1,0,1
067007,1,0,1
067008,7294,0,7294
067009,920,0,920
067011,9,0,9
067013,2827,0,2827
067015,2,0,2
067016,1235,0,1235
067019,2950,0,2950
067020,1266,0,1266
067023,28,0,28
067025,10709,17,10726
067026,441,0,441
067027,924,0,924
067029,1301,0,1301
067030,3899,0,3899
067031,10,0,10
067032,3524,0,3524
067033,7,0,7
067035,9475,0,9475
067036,553,0,553
067038,2841,2,2843
067041,8001,0,8001
067042,896,0,896
067044,6294,0,6294
067045,456,0,456
067047,5700,0,5700
068001,480,0,480
068002,2281,0,2281
068004,15,0,15
068005,2322,0,2322
068007,1432,0,1432
068008,631,0,631
068009,780,0,780
068012,4770,0,4770
068013,1,0,1
068014,2589,0,2589
068018,1273,0,1273
068022,7676,1,7677
068023,807,0,807
068024,28,0,28
068025,2125,0,2125
068028,6572,0,6572
068030,1,0,1
068035,1815,0,1815
068037,995,0,995
068041,1451,0,1451
068042,2463,0,2463
068043,2485,0,2485
068044,892,0,892
069001,2658,0,2658
069002,1842,0,1842
069004,794,0,794
069006,4,0,4
069007,118,0,118
069009,406,0,406
069010,3,0,3
069011,881,0,881
069012,3,0,3
069013,720,0,720
069015,3363,0,3363
069016,2324,0,2324
069017,3213,6,3219
069018,2,0,2
069020,2609,0,2609
069021,1175,0,1175
069022,5173,0,5173
069028,2,0,2
069029,722,0,722
069030,2,0,2
069031,3,0,3
069033,2598,0,2598
069034,591,0,591
069035,9920,24,9944
069036,4,0,4
069037,1804,0,1804
069038,866,0,866
069039,847,0,847
069041,5,0,5
069042,635,0,635
069044,888,0,888
069046,104,0,104
069047,8,0,8
069049,1,0,1
069050,1,0,1
069051,2503,0,2503
069052,2,0,2
069053,652,0,652
069054,1,0,1
069055,972,14,986
069058,2,0,2
069059,3131,0,3131
069061,906,0,906
069064,1171,0,1171
069067,949,0,949
069068,1857,0,1857
069069,5,0,5
069070,1,0,1
069071,1418,0,1418
069072,158,0,158
069073,1401,0,1401
069075,1701,0,1701
069076,1,0,1
069078,1,0,1
069079,8,0,8
069080,769,0,769
069081,4724,6,4730
069082,1076,1,1077
069083,10154,0,10154
069085,7,0,7
069086,3,0,3
069091,3152,0,3152
069092,1292,0,1292
069093,1,0,1
069095,3,0,3
069096,1074,0,1074
069097,850,0,850
069098,911,0,911
069099,16879,0,16879
069100,559,0,559
069101,1683,0,1683
069102,1543,0,1543
069103,396,0,396
069104,1,0,1
070002,1385,2,1387
070003,6743,0,6743
070005,1082,0,1082
070008,2184,0,2184
070009,856,0,856
070019,1155,0,1155
070024,1567,0,1567
070025,2449,60,2509
070027,722,0,722
070029,3486,0,3486
070030,1643,0,1643
070031,3331,5,3336
070032,1120,0,1120
070035,966,0,966
070037,1181,0,1181
070043,1399,0,1399
070044,953,0,953
070045,313,0,313
070046,4000,0,4000
070047,826,0,826
070048,1063,0,1063
070050,1,0,1
070052,2225,0,2225
070054,522,0,522
070056,210,0,210
070057,7061,8,7069
070058,1632,7,1639
070061,1,0,1
070062,1438,0,1438
070063,455,0,455
070064,1236,0,1236
070065,1070,0,1070
070066,1,0,1
070067,962,0,962
070068,980,0,980
070073,571,0,571
070077,816,0,816
070078,1905,0,1905
070081,3040,0,3040
070082,243,0,243
070083,2931,0,2931
071002,2081,3,2084
071005,7,0,7
071006,3196,0,3196
071012,5378,0,5378
071014,2193,0,2193
071016,15,0,15
071020,6,0,6
071022,3499,0,3499
071023,2220,0,2220
071024,30035,0,30035
071028,15269,3,15272
071031,1,0,1
071040,14,0,14
071044,2544,0,2544
071049,16825,68,16893
071050,3500,0,3500
071051,30721,0,30721
071058,45,0,45
071059,7064,0,7064
071060,6016,0,6016
071061,1078,0,1078
071063,1460,0,1460
072003,9299,1,9300
072004,36249,0,36249
072006,75,0,75
072011,21435,0,21435
072014,5727,2,5729
072018,2534,0,2534
072019,13432,0,13432
072020,32468,0,32468
072021,14755,0,14755
072022,8236,0,8236
072023,16845,0,16845
072025,49,0,49
072027,12529,0,12529
072028,15807,117,15924
072030,19591,606,20197
072032,11369,0,11369
072037,67,0,67
072040,2,0,2
072041,18904,0,18904
072046,12366,0,12366
072047,4392,0,4392
073002,4087,0,4087
073003,9316,6,9322
073004,5755,0,5755
073005,2259,26,2285
073006,30,0,30
073009,7772,0,7772
073011,2,0,2
073012,21679,0,21679
073013,17313,10,17323
073014,5753,0,5753
073015,75,0,75
073016,3751,2,3753
073017,2120,6,2126
073019,1,0,1
073022,9520,1,9521
073026,16055,0,16055
073027,5,0,5
073029,1,0,1
074001,30144,0,30144
074002,15552,0,15552
074003,3464,533,3997
074005,10192,17,10209
074006,6974,0,6974
074007,26165,0,26165
074009,10398,91,10489
074010,18441,0,18441
074011,9584,0,9584
074012,10946,53,10999
074013,4733,21,4754
074014,7932,0,7932
074015,9748,32,9780
074018,8810,0,8810
074019,8249,5,8254
074020,8008,0,8008
075002,6139,0,6139
075003,2,0,2
075006,10332,0,10332
075007,1710,73,1783
075008,1562,0,1562
075010,6830,0,6830
075012,2116,0,2116
075014,12427,241,12668
075016,16565,0,16565
075017,2741,0,2741
075019,7457,0,7457
075021,8247,0,8247
075023,5738,0,5738
075024,6473,0,6473
075025,3355,0,3355
075026,8829,0,8829
075027,7700,100,7800
075028,6370,0,6370
075029,22037,0,22037
075030,11015,0,11015
075031,10298,0,10298
075032,1720,0,1720
075033,3364,0,3364
075034,6477,0,6477
075035,47892,1,47893
075036,5141,551,5692
075038,8873,0,8873
075039,9835,0,9835
075040,6920,0,6920
075042,12227,0,12227
075044,8761,0,8761
075045,3337,19,3356
075046,5127,0,5127
075047,5290,0,5290
075048,10795,1,10796
075049,3658,2,3660
075051,5832,0,5832
075053,8303,6,8309
075056,3470,0,3470
075057,3448,0,3448
075058,1889,0,1889
075059,6724,116,6840
075061,7382,0,7382
075063,11346,24,11370
075064,11069,0,11069
075065,5240,222,5462
075067,1440,0,1440
075068,226,0,226
075069,3240,10,3250
075070,7192,0,7192
075072,5070,0,5070
075073,6266,0,6266
075074,2353,0,2353
075075,4036,0,4036
075076,677,0,677
075077,5811,0,5811
075078,4504,0,4504
075079,4880,233,5113
075080,2866,0,2866
075081,5161,0,5161
075084,12054,0,12054
075085,10436,12,10448
075086,3504,0,3504
075089,6076,2,6078
075090,18693,0,18693
075093,300,0,300
075095,2294,0,2294
075096,2321,69,2390
075097,10639,493,11132
075098,11822,0,11822
076001,2398,28,2426
076002,2751,0,2751
076005,1463,0,1463
076006,4967,6,4973
076007,9474,0,9474
076008,2,0,2
076009,1641,0,1641
076011,2218,0,2218
076012,2016,0,2016
076014,1134,0,1134
076015,2012,0,2012
076016,831,0,831
076018,6,0,6
076020,945,0,945
076021,2647,0,2647
076022,1492,0,1492
076023,1794,0,1794
076024,2173,0,2173
076025,1363,6,1369
076028,927,10,937
076030,1888,0,1888
076031,1174,0,1174
076032,2764,0,2764
076033,3635,0,3635
076036,5698,0,5698
076040,3275,0,3275
076041,2621,0,2621
076043,507,0,507
076044,105,0,105
076046,3861,0,3861
076049,744,0,744
076050,2980,0,2980
076051,2092,0,2092
076053,2580,0,2580
076055,1909,4,1913
076056,3421,0,3421
076057,4346,0,4346
076059,4142,1,4143
076061,1362,0,1362
076064,23,0,23
076066,8530,0,8530
076069,1241,0,1241
076070,2319,0,2319
076071,3132,0,3132
076072,1871,0,1871
076073,1803,0,1803
076077,2613,0,2613
076078,2605,0,2605
076083,1891,1,1892
076084,1375,0,1375
076087,499,0,499
076088,1391,0,1391
076090,3178,3,3181
076093,1501,0,1501
076094,2340,0,2340
076095,6989,0,6989
076096,4,0,4
076100,4561,0,4561
077001,3175,0,3175
077002,1851,0,1851
077003,7476,0,7476
077004,974,0,974
077005,1172,0,1172
077007,217,0,217
077009,1356,0,1356
077011,4786,107,4893
077014,17709,0,17709
077018,3621,0,3621
077019,1157,0,1157
077023,2579,0,2579
077024,2425,0,2425
077027,5231,0,5231
077028,3034,0,3034
078001,2074,4,2078
078003,11997,0,11997
078004,1980,0,1980
078005,1580,3,1583
078010,7686,5,7691
078011,3296,0,3296
078021,2047,5,2052
078022,1611,5,1616
078030,1925,60,1985
078031,3751,0,3751
078032,963,16,979
078033,7999,0,7999
078034,1624,0,1624
078036,2640,0,2640
078037,2492,0,2492
078038,1538,0,1538
078041,1773,14,1787
078042,1027,10,1037
078043,1985,0,1985
078045,9880,0,9880
078046,1582,6,1588
078050,1672,0,1672
078051,21,0,21
078055,2221,0,2221
078056,1360,0,1360
078057,2841,0,2841
078058,3716,0,3716
078064,820,0,820
078065,1,0,1
078066,2461,0,2461
078067,832,0,832
078068,5627,0,5627
078069,2184,0,2184
078075,1,0,1
078077,1403,3,1406
078078,789,4,793
078079,4626,0,4626
078081,12124,35,12159
078082,3776,4,3780
078083,5733,0,5733
078084,1335,0,1335
078088,2100,28,2128
078089,1055,0,1055
078090,941,0,941
078091,6,0,6
078092,1484,0,1484
078096,1419,0,1419
078097,1016,41,1057
078098,1380,0,1380
078099,883,0,883
078102,16180,0,16180
078104,4297,0,4297
078105,2057,1,2058
078106,3224,4,3228
078109,514,0,514
078110,1787,0,1787
078111,559,0,559
078112,1784,0,1784
078114,4487,0,4487
078118,2167,0,2167
078122,1625,0,1625
078126,830,12,842
078134,848,4,852
078135,1561,2,1563
078138,2940,0,2940
078142,8196,0,8196
078145,1,0,1
078147,115,0,115
078148,11940,0,11940
078149,554,0,554
078152,1760,6,1766
078154,8124,96,8220
078155,4,0,4
078157,31525,0,31525
079002,5,0,5
079003,3657,0,3657
079005,5,0,5
079011,3988,12,4000
079012,3957,0,3957
079020,3140,5,3145
079027,1396,23,1419
079030,751,0,751
079034,4873,0,4873
079036,2274,23,2297
079039,3896,103,3999
079043,3265,81,3346
079047,4106,1,4107
079048,4121,0,4121
079052,5,0,5
079055,1505,0,1505
079056,2227,13,2240
079059,7768,30,7798
079060,1642,13,1655
079071,396,0,396
079072,1618,0,1618
079073,1841,5,1846
079083,1332,2,1334
079088,2181,16,2197
079089,2662,14,2676
079092,1338,0,1338
079095,21,0,21
079096,2557,0,2557
079115,1332,0,1332
079122,3111,10,3121
079123,4298,24,4322
079127,8421,0,8421
079129,4874,0,4874
079130,2902,0,2902
079131,2343,86,2429
079133,2944,340,3284
079134,4,0,4
079139,1825,0,1825
079143,46,5169,5215
079146,3231,69,3300
079148,1193,51,1244
079160,1,0,1
080001,1025,0,1025
080003,2685,0,2685
080004,1855,0,1855
080006,1149,2,1151
080007,44,0,44
080012,6226,1,6227
080016,1371,86,1457
080018,2667,52,2719
080019,369,0,369
080022,1208,27,1235
080027,5508,52,5560
080030,1228,0,1228
080032,2365,0,2365
080033,1117,2,1119
080034,912,26,938
080035,2308,0,2308
080038,1,0,1
080040,9674,0,9674
080041,739,0,739
080042,4547,0,4547
080044,2620,32,2652
080046,2666,0,2666
080048,1300,0,1300
080049,5259,13,5272
080052,2245,1,2246
080054,6339,2,6341
080057,129,0,129
080061,7583,30,7613
080062,2482,0,2482
080065,5160,8,5168
080070,934,0,934
080076,726,0,726
080080,485,14,499
080081,5192,0,5192
080085,3087,109,3196
080086,3334,0,3334
080090,528,0,528
080092,1677,0,1677
080093,11774,23,11797
080094,845,0,845
080095,2312,0,2312
080096,7,0,7
081001,46552,110,46662
081002,4279,0,4279
081004,13757,2977,16734
081006,25749,0,25749
081011,60498,0,60498
081013,11251,0,11251
081014,10096,3,10099
081018,3319,0,3319
081021,22369,0,22369
081022,259,0,259
081023,2679,0,2679
081025,5478,0,5478
082001,4709,0,4709
082002,4540,0,4540
082004,2798,94,2892
082006,25750,219,25969
082007,4442,0,4442
082008,2875,0,2875
082009,1,0,1
082011,2198,0,2198
082012,3804,0,3804
082013,6070,487,6557
082016,1245,0,1245
082018,1825,0,1825
082022,6169,244,6413
082023,2666,0,2666
082024,3911,71,3982
082026,990,0,990
082031,8255,0,8255
082033,1488,0,1488
082034,9585,5,9590
082035,3947,96,4043
082036,7539,0,7539
082037,3151,0,3151
082040,1103,0,1103
082042,2283,5,2288
082043,2664,5,2669
082044,1992,8,2000
082046,5718,139,5857
082047,3254,0,3254
082049,16769,210,16979
082050,3510,0,3510
082052,2778,0,2778
082053,165027,0,165027
082054,24385,4,24389
082055,739,0,739
082057,633,0,633
082058,3537,0,3537
082059,2251,66,2317
082070,10903,0,10903
082071,15,0,15
082073,5326,5,5331
082074,3215,0,3215
082077,3855,1,3856
082081,267,473,740
082082,2405,0,2405
083001,2787,19,2806
083003,1864,78,1942
083005,31182,0,31182
083007,4058,46,4104
083008,2657,206,2863
083010,1140,31,1171
083011,4527,171,4698
083012,8,0,8
083013,1974,0,1974
083014,2719,172,2891
083016,2944,0,2944
083018,725,0,725
083019,2199,210,2409
083020,4060,0,4060
083021,1432,12,1444
083022,1304,0,1304
083023,2705,0,2705
083024,6,0,6
083026,1222,1,1223
083027,3011,39,3050
083028,16,3428,3444
083029,2068,8,2076
083030,2101,24,2125
083031,786,109,895
083032,4484,248,4732
083034,2084,0,2084
083035,2694,114,2808
083036,2113,3,2116
083038,1636,4,1640
083041,3260,335,3595
083043,1256,0,1256
083046,1731,3,1734
083049,12464,0,12464
083051,1847,37,1884
083054,3900,128,4028
083055,2525,31,2556
083056,3287,325,3612
083057,38,5036,5074
083059,1674,0,1674
083060,3352,59,3411
083061,3387,0,3387
083062,3528,471,3999
083063,1740,9,1749
083066,131,0,131
083067,2011,0,2011
083068,6433,648,7081
083070,1009,0,1009
083071,119,345,464
083073,1509,13,1522
083074,1474,0,1474
083075,3461,0,3461
083076,53,0,53
083077,7648,0,7648
083078,5679,0,5679
083079,3404,0,3404
083080,1770,0,1770
083082,2015,0,2015
083083,1632,0,1632
083084,1,0,1
083086,4158,142,4300
083088,4227,228,4455
083089,15,0,15
083096,3178,30,3208
083097,6172,0,6172
083098,3449,65,3514
083099,9884,216,10100
083101,3833,3,3836
083102,2410,0,2410
083103,1334,0,1334
083104,15,2570,2585
083106,3499,0,3499
083107,3082,14,3096
083108,2606,41,2647
084001,3904,96,4000
084002,4341,0,4341
084003,24830,0,24830
084005,3334,21,3355
084007,4483,0,4483
084008,2603,0,2603
084014,8482,300,8782
084016,1372,0,1372
084017,26447,51,26498
084018,7249,16,7265
084020,85,6158,6243
084021,23258,0,23258
084023,16496,0,16496
084025,2824,4,2828
084027,22191,83,22274
084032,6305,0,6305
084034,2640,0,2640
084035,3780,2,3782
084036,7549,14,7563
084038,51,0,51
084040,2,0,2
084041,21639,0,21639
084043,2493,0,2493
085001,2197,10,2207
085003,4838,0,4838
085004,17435,0,17435
085005,4374,18,4392
085006,5921,19,5940
085008,3409,0,3409
085010,4002,83,4085
085013,7,0,7
085015,12700,70,12770
085016,4000,0,4000
085018,5477,74,5551
085021,4710,282,4992
085022,2411,0,2411
086004,7544,0,7544
086005,3824,0,3824
086006,6431,0,6431
086009,13354,126,13480
086017,1127,104,1231
086018,9008,0,9008
086019,5994,4,5998
086020,6095,190,6285
087002,6833,0,6833
087004,28671,0,28671
087005,4711,0,4711
087006,27385,666,28051
087007,13132,0,13132
087008,21537,23,21560
087009,9649,52,9701
087011,20279,0,20279
087012,1670,4,1674
087013,3737,0,3737
087014,5998,0,5998
087015,540,0,540
087016,5747,99,5846
087017,14256,267,14523
087018,16981,1,16982
087019,4786,0,4786
087020,2087,0,2087
087021,7014,0,7014
087022,5608,163,5771
087023,8189,0,8189
087024,5,0,5
087025,6723,1,6724
087028,6459,0,6459
087029,16932,0,16932
087030,6935,326,7261
087031,4866,10,4876
087033,27590,19,27609
087034,9779,0,9779
087035,4361,0,4361
087036,3340,0,3340
087038,9753,0,9753
087040,3376,0,3376
087041,8900,26,8926
087042,4538,0,4538
087043,3986,2,3988
087044,2244,1,2245
087045,2081,78,2159
087047,6857,0,6857
087048,8225,1,8226
087049,11258,0,11258
087053,6318,3,6321
087055,8503,3,8506
087056,3453,17,3470
087057,4360,53,4413
087058,4461,0,4461
088001,6821,99,6920
088002,9802,0,9802
088003,23139,720,23859
088007,6,0,6
088009,447,0,447
088010,4349,1,4350
088011,24051,4,24055
089001,10790,0,10790
089005,6208,7,6215
089006,9801,0,9801
089008,4045,0,4045
089009,12259,0,12259
089010,11596,0,11596
089012,6972,86,7058
089013,4,0,4
089015,8168,25,8193
089016,14817,0,14817
089021,5487,0,5487
090004,1013,0,1013
090005,479,0,479
090009,2773,0,2773
090012,3638,39,3677
090016,964,8,972
090019,663,0,663
090021,2848,0,2848
090022,406,5,411
090023,3643,8,3651
090033,6601,0,6601
090035,3998,1,3999
090039,678,0,678
090041,2351,2,2353
090043,453,0,453
090048,3115,0,3115
090050,4772,0,4772
090051,4379,0,4379
090054,4332,0,4332
090056,1042,0,1042
090057,3026,0,3026
090058,3999,1,4000
090063,3371,0,3371
090064,43115,2,43117
090066,444,0,444
090067,4123,1,4124
090068,953,0,953
090069,193,0,193
090070,8354,1,8355
090071,2955,0,2955
090072,1168,0,1168
090073,1201,0,1201
090075,1271,0,1271
090076,46,0,46
090077,3159,0,3159
090080,1727,73,1800
090083,2254,3,2257
090085,1004,13,1017
090087,855,0,855
090088,628,0,628
090091,2751,0,2751
091001,1576,37,1613
091002,5,0,5
091003,1430,0,1430
091005,4348,25,4373
091006,3810,0,3810
091009,3852,0,3852
091011,2868,0,2868
091012,1133,0,1133
091019,34,0,34
091026,1503,0,1503
091037,5819,2,5821
091039,1445,8,1453
091043,2215,0,2215
091046,2303,0,2303
091050,357,0,357
091051,17611,0,17611
091056,1734,0,1734
091058,603,0,603
091059,686,0,686
091061,3030,0,3030
091062,4734,0,4734
091064,2695,0,2695
091071,1739,40,1779
091084,14,0,14
091086,1963,0,1963
091088,908,0,908
091089,239,0,239
091090,765,0,765
091091,382,0,382
091093,3131,0,3131
091101,4428,56,4484
091103,1645,0,1645
091104,381,0,381
092003,11121,0,11121
092015,3,0,3
092051,36013,2,36015
092068,13751,0,13751
092075,3365,0,3365
092080,10821,13,10834
092090,4125,0,4125
092109,9490,6,9496
093008,1,0,1
093015,2,0,2
093016,1502,0,1502
093018,18,0,18
093022,2,0,2
093029,2804,0,2804
093030,1406,0,1406
093032,5,0,5
093033,12659,0,12659
093041,5493,0,5493
093044,52,0,52
093047,6,0,6
094001,287,0,287
094002,2056,0,2056
094004,1029,0,1029
094005,1963,0,1963
094006,1056,0,1056
094010,1464,0,1464
094011,298,0,298
094012,797,0,797
094014,997,0,997
094018,642,0,642
094022,2294,0,2294
094025,1055,0,1055
094028,1,0,1
094031,7,0,7
094032,677,0,677
094035,1355,1,1356
094040,1599,0,1599
094042,986,4,990
094045,1405,0,1405
094047,716,0,716
094048,967,0,967
094051,2036,0,2036
095003,224,0,224
095004,81,0,81
095005,376,0,376
095006,2673,0,2673
095010,171,0,171
095011,727,0,727
095016,188,0,188
095021,325,0,325
095025,4769,0,4769
095026,1096,7,1103
095028,544,0,544
095030,770,46,816
095031,2524,0,2524
095032,1043,0,1043
095037,1448,0,1448
095038,18464,0,18464
095039,1,0,1
095042,248,0,248
095045,3067,0,3067
095046,2626,0,2626
095049,8,0,8
095050,5435,0,5435
095051,2222,0,2222
095052,2843,0,2843
095057,5,0,5
095058,531,0,531
095059,1912,0,1912
095060,2,0,2
095061,236,0,236
095064,295,0,295
095065,10798,1,10799
095069,3180,0,3180
095073,393,0,393
095074,1305,6,1311
095076,396,0,396
095077,428,0,428
095078,61,0,61
095082,2120,0,2120
095086,320,3,323
095088,300,0,300
096002,1464,0,1464
096003,85,0,85
096004,15282,30,15312
096005,375,0,375
096006,434,0,434
096007,2,0,2
096009,444,0,444
096010,648,0,648
096016,1607,0,1607
096018,1187,0,1187
096019,2224,0,2224
096024,788,52,840
096028,1,0,1
096030,16,0,16
096033,535,0,535
096035,1981,0,1981
096037,702,13,715
096038,414,0,414
096039,910,0,910
096042,94,0,94
096043,286,0,286
096044,1018,0,1018
096046,1073,0,1073
096048,919,0,919
096053,14,0,14
096054,20,0,20
096057,578,0,578
096059,3,0,3
096066,892,0,892
096068,2,0,2
096071,885,0,885
096072,177,0,177
096074,629,0,629
096076,411,0,411
096077,2818,1,2819
096078,5,0,5
096080,1,0,1
096083,553,0,553
096087,909,1,910
096088,5,0,5
097004,1223,0,1223
097006,1492,0,1492
097007,1284,0,1284
097008,77,0,77
097009,746,0,746
097014,1330,0,1330
097017,1607,1,1608
097020,737,0,737
097024,1164,0,1164
097025,688,0,688
097030,1123,0,1123
097031,11,0,11
097032,2,0,2
097033,146,0,146
097034,387,0,387
097035,2,0,2
097036,2024,1,2025
097037,1019,0,1019
097038,10,0,10
097040,757,76,833
097042,9548,0,9548
097044,1515,0,1515
097045,723,0,723
097046,2751,6,2757
097048,4069,0,4069
097050,621,0,621
097052,628,0,628
097053,1,0,1
097054,129,0,129
097056,1792,0,1792
097058,2367,0,2367
097061,1519,0,1519
097062,1046,0,1046
097063,292,0,292
097068,461,0,461
097070,1108,0,1108
097075,2,0,2
097076,813,0,813
097083,2140,0,2140
097084,509,2,511
097086,872,0,872
097091,1306,0,1306
098001,185,0,185
098003,486,0,486
098004,1848,0,1848
098006,981,0,981
098009,820,0,820
098010,5606,0,5606
098011,1027,0,1027
098012,141,0,141
098013,1060,0,1060
098014,2954,0,2954
098015,910,0,910
098017,3,0,3
098018,1728,0,1728
098019,5753,0,5753
098020,528,0,528
098022,724,0,724
098023,125,0,125
098024,450,0,450
098025,586,0,586
098026,1186,0,1186
098028,981,0,981
098029,1391,0,1391
098030,1464,0,1464
098032,2344,0,2344
098033,55,0,55
098035,2473,0,2473
098037,1184,0,1184
098040,642,0,642
098046,762,0,762
098047,1437,0,1437
098049,9284,0,9284
098050,4240,0,4240
098051,879,0,879
098053,1327,0,1327
098054,1686,1,1687
098055,594,0,594
098056,13,0,13
098061,1613,0,1613
098062,809,0,809
099001,9403,0,9403
099002,12244,0,12244
099003,4177,22,4199
099004,1175,4,1179
099005,5746,0,5746
099006,778,8,786
099009,542,0,542
099011,3125,8,3133
099013,12657,0,12657
099014,48363,0,48363
099016,10,0,10
099017,2724,0,2724
099018,12449,6,12455
099020,3951,4,3955
099021,700,0,700
099022,555,1,556
099025,19,0,19
099027,791,0,791
099028,2282,8,2290
099029,4140,82,4222
099030,1033,3,1036
100001,3485,0,3485
100002,8046,6,8052
100003,9997,0,9997
100004,6379,0,6379
100005,16,0,16
100006,5159,0,5159
100007,124,0,124
101001,3061,0,3061
101002,2515,0,2515
101003,1857,0,1857
101005,1,0,1
101006,1212,0,1212
101008,1847,0,1847
101009,6613,0,6613
101010,16566,189,16755
101011,4068,0,4068
101012,11351,33,11384
101013,7820,0,7820
101014,2772,59,2831
101016,2237,0,2237
101017,9820,17,9837
101020,4566,0,4566
101022,2377,28,2405
101025,6025,3,6028
101027,3377,0,3377
102002,1694,0,1694
102004,947,0,947
102007,1160,4,1164
102008,2606,7,2613
102009,1928,5,1933
102010,4135,0,4135
102011,2,0,2
102013,1070,0,1070
102014,1187,0,1187
102015,2108,0,2108
102016,1684,110,1794
102017,899,49,948
102019,1673,2,1675
102021,7688,0,7688
102024,1561,0,1561
102025,858,40,898
102027,1297,15,1312
102028,2392,0,2392
102029,1308,0,1308
102030,584,0,584
102031,5875,82,5957
102032,3868,0,3868
102034,898,1,899
102035,2008,0,2008
102036,2750,21,2771
102039,1622,0,1622
102041,1164,10,1174
102042,1346,3,1349
102043,2392,2,2394
102044,476,0,476
102047,10492,5,10497
102049,2665,15,2680
102050,1281,0,1281
103002,697,0,697
103003,1508,0,1508
103005,482,0,482
103006,1605,0,1605
103007,864,0,864
103008,1780,50,1830
103010,6,0,6
103014,740,0,740
103017,1799,0,1799
103018,255,0,255
103024,1217,0,1217
103028,5480,77,5557
103029,1034,0,1034
103031,551,0,551
103032,226,0,226
103036,791,0,791
103037,279,0,279
103038,229,0,229
103039,3,0,3
103044,1686,34,1720
103045,1,0,1
103046,1314,34,1348
103049,1401,0,1401
103054,1,0,1
103055,2,0,2
103056,808,0,808
103058,580,0,580
103059,499,0,499
103062,35,0,35
103066,1220,0,1220
103068,934,0,934
103069,1037,0,1037
103072,7844,155,7999
103075,2320,0,2320
103077,883,0,883
108002,433,0,433
108003,1472,0,1472
108005,2284,0,2284
108006,2367,1,2368
108007,2392,0,2392
108008,3510,0,3510
108009,2819,0,2819
108012,6,0,6
108016,1449,0,1449
108017,1201,0,1201
108019,209,0,209
108020,1982,0,1982
108021,2950,0,2950
108023,5163,0,5163
108024,10191,40,10231
108027,8484,0,8484
108028,13769,0,13769
108029,1897,0,1897
108031,990,0,990
108033,3004,0,3004
108041,2905,0,2905
108042,989,1,990
108043,2569,0,2569
108045,6,0,6
108046,1082,1,1083
108047,1396,0,1396
108048,2715,0,2715
108050,4,0,4
108052,1074,0,1074
109002,3218,0,3218
109005,2596,0,2596
109006,16500,0,16500
109008,2584,0,2584
109011,796,0,796
109012,1,0,1
109013,935,8,943
109015,2056,0,2056
109019,277,0,277
109021,23,0,23
109024,3195,0,3195
109026,632,0,632
109027,3,0,3
109029,766,11,777
109030,1683,0,1683
109033,103,0,103
109034,15705,0,15705
109035,2499,0,2499
109039,675,0,675
109040,1,0,1
110003,17546,0,17546
110007,9717,1,9718
110008,3586,0,3586
111001,5614,0,5614
111004,686,0,686
111005,9,0,9
111007,2694,0,2694
111011,1518,0,1518
111012,1045,0,1045
111014,7396,0,7396
111016,4624,42,4666
111018,2161,0,2161
111020,1459,0,1459
111027,1192,0,1192
111028,1450,1,1451
111029,136,0,136
111030,4066,18,4084
111034,6884,0,6884
111035,5919,1,5920
111036,2118,0,2118
111039,2355,0,2355
111042,3482,14,3496
111046,1121,0,1121
111048,2,0,2
111051,789,0,789
111052,2148,0,2148
111053,561,0,561
111056,658,0,658
111057,5232,0,5232
111061,1070,1,1071
111062,6761,0,6761
111063,3661,17,3678
111064,998,0,998
111065,6548,3,6551
111066,3938,0,3938
111068,3419,2,3421
111069,595,0,595
111071,10479,9,10488
111074,1282,0,1282
111077,5999,0,5999
111078,4898,4,4902
111081,3754,1,3755
111082,1079,0,1079
111083,767,0,767
111086,30,0,30
111091,1152,0,1152
111092,489,0,489
111095,1881,0,1881
111098,3131,0,3131
111100,770,0,770
111102,2,0,2
111103,15,0,15
111105,6075,0,6075
111107,1413,0,1413
